TRBV_gene,CDR3_beta,TRBJ_gene,epitope,pathology,score,bpr,sample_id,total_count,unique_TCRs,unique_CDR3s,N_nt_seq,count,freq
TRBV07-09,CASSLTGGYEQYF,TRBJ02-07,VTEHDTLLY,CMV,0.89,0.0,25_cd4_3_S5,146085,11067,10943,1,10,6.845329773761851e-05
TRBV29-01,CSVEGGSYEQYF,TRBJ02-07,YSEHPTFTSQY,CMV,0.81,0.0,25_cd4_3_S5,146085,11067,10943,1,19,0.00013006126570147517
TRBV10-03,CAISGQGARNEQFF,TRBJ02-01,HSKKKCDEL,HCV,0.79,0.0,25_cd4_3_S5,146085,11067,10943,1,14,9.583461683266592e-05
TRBV03-01,CASRTSGDYEQYF,TRBJ02-07,IIKDYGKQM,HIV,0.8,0.0,25_cd4_3_S5,146085,11067,10943,1,8,5.476263819009482e-05
TRBV07-02,CASSLNTEAFF,TRBJ01-01,ISPRTLNAW,HIV,0.65,0.0,25_cd4_3_S5,146085,11067,10943,1,20,0.00013690659547523702
TRBV27,CASSYRTGELFF,TRBJ02-02,KRWIILGLNK,HIV,0.94,0.0,25_cd4_3_S5,146085,11067,10943,1,9,6.160796796385666e-05
TRBV12-03,CASSFLANEQFF,TRBJ02-01,TPQDLNTML,HIV,0.63,0.0,25_cd4_3_S5,146085,11067,10943,1,20,0.00013690659547523702
TRBV12-03,CASSFQEGGAFF,TRBJ01-01,TPQDLNTML,HIV,0.72,0.0,25_cd4_3_S5,146085,11067,10943,1,21,0.00014375192524899888
TRBV12-03,CASSFSLNTEAFF,TRBJ01-01,TPQDLNTML,HIV,0.75,0.0,25_cd4_3_S5,146085,11067,10943,1,14,9.583461683266592e-05
TRBV12-03,CASSFSYTEAFF,TRBJ01-01,TPQDLNTML,HIV,0.9,0.0,25_cd4_3_S5,146085,11067,10943,1,21,0.00014375192524899888
TRBV12-03,CASSLAGTGYTF,TRBJ01-02,TPQDLNTML,HIV,0.63,0.0,25_cd4_3_S5,146085,11067,10943,1,30,0.00020535989321285552
TRBV12-03,CASSLDTEAFF,TRBJ01-01,TPQDLNTML,HIV,0.69,0.0,25_cd4_3_S5,146085,11067,10943,3,27,0.00018482390389156997
TRBV12-03,CASSLGGNTEAFF,TRBJ01-01,TPQDLNTML,HIV,0.92,0.0,25_cd4_3_S5,146085,11067,10943,1,13,8.898928705890407e-05
TRBV12-03,CASSLSGGYTF,TRBJ01-02,TPQDLNTML,HIV,0.66,0.0,25_cd4_3_S5,146085,11067,10943,1,20,0.00013690659547523702
TRBV12-03,CASSLTERAEAFF,TRBJ01-01,TPQDLNTML,HIV,0.65,0.0,25_cd4_3_S5,146085,11067,10943,1,21,0.00014375192524899888
TRBV12-03,CASSLVQGAAFF,TRBJ01-01,TPQDLNTML,HIV,0.74,0.0,25_cd4_3_S5,146085,11067,10943,1,14,9.583461683266592e-05
TRBV12-03,CASSRGMNTEAFF,TRBJ01-01,TPQDLNTML,HIV,0.63,0.0,25_cd4_3_S5,146085,11067,10943,1,21,0.00014375192524899888
TRBV12-03,CASSSGPNTEAFF,TRBJ01-01,TPQDLNTML,HIV,0.76,0.0,25_cd4_3_S5,146085,11067,10943,1,21,0.00014375192524899888
TRBV12-03,CASTLTGELFF,TRBJ02-02,TPQDLNTML,HIV,0.63,0.0,25_cd4_3_S5,146085,11067,10943,1,11,7.529862751138036e-05
TRBV12-03,CASSYSYEQYF,TRBJ02-07,FLNGSCGSV,SARS-CoV-2,1.0,0.0,25_cd4_3_S5,146085,11067,10943,1,23,0.00015744258479652258
TRBV19,CASSWGANTEAFF,TRBJ01-01,HLVDFQVTI,SARS-CoV-2,0.95,0.0,25_cd4_3_S5,146085,11067,10943,1,9,6.160796796385666e-05
TRBV12-03,CASSHGGYEQYF,TRBJ02-07,ILHCANFNV,SARS-CoV-2,0.85,0.0,25_cd4_3_S5,146085,11067,10943,1,12,8.214395728514222e-05
TRBV09,CASSLNTGELFF,TRBJ02-02,ILHCANFNV,SARS-CoV-2,0.9,0.0,25_cd4_3_S5,146085,11067,10943,1,13,8.898928705890407e-05
TRBV12-03,CASSPSGYEQYF,TRBJ02-07,ILHCANFNV,SARS-CoV-2,0.84,0.0,25_cd4_3_S5,146085,11067,10943,1,13,8.898928705890407e-05
TRBV07-09,CASSLTYEQYF,TRBJ02-07,KAYNVTQAF,SARS-CoV-2,0.82,0.0,25_cd4_3_S5,146085,11067,10943,1,11,7.529862751138036e-05
TRBV07-09,CASSLTGDEQYF,TRBJ02-07,LLFNKVTLA,SARS-CoV-2,0.8,0.0,25_cd4_3_S5,146085,11067,10943,1,18,0.00012321593592771332
TRBV09,CASSAGQGSYEQYF,TRBJ02-07,NLNESLIDL,SARS-CoV-2,0.87,0.0,25_cd4_3_S5,146085,11067,10943,1,15,0.00010267994660642776
TRBV02,CASSTGQGAYEQYF,TRBJ02-07,NLNESLIDL,SARS-CoV-2,0.88,0.0,25_cd4_3_S5,146085,11067,10943,1,16,0.0001095252763801896
TRBV07-02,CASSVGTGSYEQYF,TRBJ02-07,NLNESLIDL,SARS-CoV-2,0.88,0.0,25_cd4_3_S5,146085,11067,10943,1,8,5.476263819009482e-05
TRBV27,CASSFGSSYEQYF,TRBJ02-07,TLIGDCATV,SARS-CoV-2,0.71,0.0,25_cd4_3_S5,146085,11067,10943,1,9,6.160796796385666e-05
TRBV27,CASSLGQSYEQYF,TRBJ02-07,TLIGDCATV,SARS-CoV-2,0.75,0.0,25_cd4_3_S5,146085,11067,10943,1,10,6.845329773761851e-05
TRBV12-03,CASSLRGYEQFF,TRBJ02-01,TLIGDCATV,SARS-CoV-2,0.71,0.0,25_cd4_3_S5,146085,11067,10943,1,12,8.214395728514222e-05
TRBV07-02,CASSTGTVSYEQYF,TRBJ02-07,LLWNGPMAV,YellowFeverVirus,0.94,0.0,25_cd4_3_S5,146085,11067,10943,1,15,0.00010267994660642776
TRBV12-03,CASSFSGTDTQYF,TRBJ02-03,NLVPMVATV,CMV,0.8,1e-05,25_cd4_3_S5,146085,11067,10943,1,11,7.529862751138036e-05
TRBV12-03,CASSTAGGEQFF,TRBJ02-01,NLVPMVATV,CMV,0.8,1e-05,25_cd4_3_S5,146085,11067,10943,1,19,0.00013006126570147517
TRBV12-03,CASSYSYEQYF,TRBJ02-07,NLVPMVATV,CMV,0.79,1e-05,25_cd4_3_S5,146085,11067,10943,1,23,0.00015744258479652258
TRBV12-03,CASNPGRNTEAFF,TRBJ01-01,TPQDLNTML,HIV,0.59,1e-05,25_cd4_3_S5,146085,11067,10943,1,11,7.529862751138036e-05
TRBV12-03,CASSLGAGEKLFF,TRBJ01-04,TPQDLNTML,HIV,0.58,1e-05,25_cd4_3_S5,146085,11067,10943,1,14,9.583461683266592e-05
TRBV12-03,CASSLGQNYEQYF,TRBJ02-07,TPQDLNTML,HIV,0.57,1e-05,25_cd4_3_S5,146085,11067,10943,1,13,8.898928705890407e-05
TRBV12-03,CASSLNGYTF,TRBJ01-02,TPQDLNTML,HIV,0.57,1e-05,25_cd4_3_S5,146085,11067,10943,1,17,0.0001163706061539515
TRBV12-03,CASSLRGPENF,TRBJ02-07,TPQDLNTML,HIV,0.6,1e-05,25_cd4_3_S5,146085,11067,10943,1,39,0.0002669678611767122
TRBV12-03,CASSLVAPGQFF,TRBJ02-01,TPQDLNTML,HIV,0.56,1e-05,25_cd4_3_S5,146085,11067,10943,1,31,0.00021220522298661732
TRBV12-03,CASSLVDTIYF,TRBJ01-03,TPQDLNTML,HIV,0.58,1e-05,25_cd4_3_S5,146085,11067,10943,1,14,9.583461683266592e-05
TRBV12-03,CASSQQGNTEAFF,TRBJ01-01,TPQDLNTML,HIV,0.58,1e-05,25_cd4_3_S5,146085,11067,10943,1,19,0.00013006126570147517
TRBV12-03,CASSRDSPEAFF,TRBJ01-01,TPQDLNTML,HIV,0.57,1e-05,25_cd4_3_S5,146085,11067,10943,1,20,0.00013690659547523702
TRBV06-04,CASTDTQYF,TRBJ02-03,TPQDLNTML,HIV,0.59,1e-05,25_cd4_3_S5,146085,11067,10943,1,16,0.0001095252763801896
TRBV27,CASSLAGESYNEQFF,TRBJ02-01,ALSKGVHFV,SARS-CoV-2,0.8,1e-05,25_cd4_3_S5,146085,11067,10943,1,14,9.583461683266592e-05
TRBV27,CASSLSGSYEQYF,TRBJ02-07,FLPRVFSAV,SARS-CoV-2,0.89,1e-05,25_cd4_3_S5,146085,11067,10943,1,13,8.898928705890407e-05
TRBV19,CASSIGQNTEAFF,TRBJ01-01,HLVDFQVTI,SARS-CoV-2,0.85,1e-05,25_cd4_3_S5,146085,11067,10943,1,14,9.583461683266592e-05
TRBV06-06,CASSLGQNTEAFF,TRBJ01-01,HLVDFQVTI,SARS-CoV-2,0.88,1e-05,25_cd4_3_S5,146085,11067,10943,1,10,6.845329773761851e-05
TRBV04-01,CASSQTSGSLYEQYF,TRBJ02-07,LEPLVDLPI,SARS-CoV-2,0.78,1e-05,25_cd4_3_S5,146085,11067,10943,1,16,0.0001095252763801896
TRBV05-04,CASSPGLAGTDTQYF,TRBJ02-03,MPASWVMRI,SARS-CoV-2,0.96,1e-05,25_cd4_3_S5,146085,11067,10943,2,18,0.0001232159359277133
TRBV27,CASSLRGNEQFF,TRBJ02-01,YLDAYNMMI,SARS-CoV-2,0.75,1e-05,25_cd4_3_S5,146085,11067,10943,1,15,0.00010267994660642776
TRBV09,CASSVGHSNQPQHF,TRBJ01-05,YLDAYNMMI,SARS-CoV-2,0.74,1e-05,25_cd4_3_S5,146085,11067,10943,1,11,7.529862751138036e-05
TRBV05-06,CASSLVTDTQYF,TRBJ02-03,YLNTLTLAV,SARS-CoV-2,0.81,1e-05,25_cd4_3_S5,146085,11067,10943,1,17,0.0001163706061539515
TRBV12-03,CASSLAGGPNEQFF,TRBJ02-01,NLVPMVATV,CMV,0.77,2e-05,25_cd4_3_S5,146085,11067,10943,1,19,0.00013006126570147517
TRBV12-03,CASSPSGYEQYF,TRBJ02-07,NLVPMVATV,CMV,0.77,2e-05,25_cd4_3_S5,146085,11067,10943,1,13,8.898928705890407e-05
TRBV29-01,CSVAGGTYEQYF,TRBJ02-07,YSEHPTFTSQY,CMV,0.75,2e-05,25_cd4_3_S5,146085,11067,10943,1,9,6.160796796385666e-05
TRBV12-03,CASSFSGQLNEQFF,TRBJ02-01,ATDALMTGY,HCV,0.83,2e-05,25_cd4_3_S5,146085,11067,10943,1,13,8.898928705890407e-05
TRBV25-01,CASSGNGEAFF,TRBJ01-01,KLVALGINAV,HCV,0.83,2e-05,25_cd4_3_S5,146085,11067,10943,2,11,7.529862751138036e-05
TRBV02,CASSRRTSGSTDTQYF,TRBJ02-03,FRDYVDRFYKTLRAEQASQE,HIV,0.92,2e-05,25_cd4_3_S5,146085,11067,10943,1,9,6.160796796385666e-05
TRBV19,CASSIAGYEQYF,TRBJ02-07,AMFWSVPTV,Melanoma,0.79,2e-05,25_cd4_3_S5,146085,11067,10943,1,18,0.00012321593592771332
TRBV07-02,CASSLYGGEQYF,TRBJ02-07,AMFWSVPTV,Melanoma,0.79,2e-05,25_cd4_3_S5,146085,11067,10943,1,18,0.00012321593592771332
TRBV07-02,CASSITGDTQYF,TRBJ02-03,LLFNKVTLA,SARS-CoV-2,0.71,2e-05,25_cd4_3_S5,146085,11067,10943,1,15,0.00010267994660642776
TRBV02,CASSPQTDTQYF,TRBJ02-03,LLFNKVTLA,SARS-CoV-2,0.72,2e-05,25_cd4_3_S5,146085,11067,10943,1,12,8.214395728514222e-05
TRBV09,CASSGGTYSYEQYF,TRBJ02-07,NLNESLIDL,SARS-CoV-2,0.79,2e-05,25_cd4_3_S5,146085,11067,10943,1,9,6.160796796385666e-05
TRBV07-02,CASSPGTGAYEQYF,TRBJ02-07,NLNESLIDL,SARS-CoV-2,0.79,2e-05,25_cd4_3_S5,146085,11067,10943,1,32,0.00021905055276037928
TRBV12-03,CASSPSGYEQYF,TRBJ02-07,TLIGDCATV,SARS-CoV-2,0.65,2e-05,25_cd4_3_S5,146085,11067,10943,1,13,8.898928705890407e-05
TRBV12-03,CASSSASDTQYF,TRBJ02-03,TLIGDCATV,SARS-CoV-2,0.63,2e-05,25_cd4_3_S5,146085,11067,10943,1,22,0.00015059725502276073
TRBV27,CASSLSFSGAYNEQFF,TRBJ02-01,TPRVTGGGAM,CMV,0.7,2.9999999999999997e-05,25_cd4_3_S5,146085,11067,10943,1,24,0.00016428791457028444
TRBV04-01,CASSQANSNYGYTF,TRBJ01-02,VTEHDTLLY,CMV,0.66,2.9999999999999997e-05,25_cd4_3_S5,146085,11067,10943,1,24,0.00016428791457028444
TRBV09,CASSLNTGELFF,TRBJ02-02,HPVGEADYFEY,EBV,0.83,2.9999999999999997e-05,25_cd4_3_S5,146085,11067,10943,1,13,8.898928705890407e-05
TRBV12-03,CASSLGGNTEAFF,TRBJ01-01,ELAGIGILTV,Melanoma,0.76,2.9999999999999997e-05,25_cd4_3_S5,146085,11067,10943,1,13,8.898928705890407e-05
TRBV27,CASSLGYEQYF,TRBJ02-07,FLNGSCGSV,SARS-CoV-2,0.96,2.9999999999999997e-05,25_cd4_3_S5,146085,11067,10943,2,22,0.0001505972550227607
TRBV04-01,CASSQEEGGTEAFF,TRBJ01-01,FLNRFTTTL,SARS-CoV-2,0.61,2.9999999999999997e-05,25_cd4_3_S5,146085,11067,10943,1,13,8.898928705890407e-05
TRBV06-06,CASSLGQNTEAFF,TRBJ01-01,FTISVTTEIL,SARS-CoV-2,0.67,2.9999999999999997e-05,25_cd4_3_S5,146085,11067,10943,1,10,6.845329773761851e-05
TRBV19,CASSRDRDYEQYF,TRBJ02-07,FTISVTTEIL,SARS-CoV-2,0.67,2.9999999999999997e-05,25_cd4_3_S5,146085,11067,10943,1,14,9.583461683266592e-05
TRBV05-01,CASSLTGLNNEQFF,TRBJ02-01,IPIQASLPF,SARS-CoV-2,0.74,2.9999999999999997e-05,25_cd4_3_S5,146085,11067,10943,1,11,7.529862751138036e-05
TRBV12-03,CASSLGGNTEAFF,TRBJ01-01,KAYNVTQAF,SARS-CoV-2,0.78,2.9999999999999997e-05,25_cd4_3_S5,146085,11067,10943,1,13,8.898928705890407e-05
TRBV07-02,CASSLGYEQYF,TRBJ02-07,KAYNVTQAF,SARS-CoV-2,0.76,2.9999999999999997e-05,25_cd4_3_S5,146085,11067,10943,1,21,0.00014375192524899888
TRBV27,CASSLGYEQYF,TRBJ02-07,KAYNVTQAF,SARS-CoV-2,0.72,2.9999999999999997e-05,25_cd4_3_S5,146085,11067,10943,2,22,0.0001505972550227607
TRBV12-03,CASSLVGEQYF,TRBJ02-07,KAYNVTQAF,SARS-CoV-2,0.76,2.9999999999999997e-05,25_cd4_3_S5,146085,11067,10943,1,12,8.214395728514222e-05
TRBV09,CASSAANEQFF,TRBJ02-01,RQLLFVVEV,SARS-CoV-2,0.85,2.9999999999999997e-05,25_cd4_3_S5,146085,11067,10943,1,11,7.529862751138036e-05
TRBV07-02,CASSFSRAQETQYF,TRBJ02-05,RQLLFVVEV,SARS-CoV-2,0.82,2.9999999999999997e-05,25_cd4_3_S5,146085,11067,10943,1,21,0.00014375192524899888
TRBV29-01,CSVAQGVSEQYF,TRBJ02-07,SSNVANYQK,SARS-CoV-2,0.76,2.9999999999999997e-05,25_cd4_3_S5,146085,11067,10943,1,23,0.00015744258479652258
TRBV03-01,CASSQVLGTDTQYF,TRBJ02-03,YFPLQSYGF,SARS-CoV-2,0.69,2.9999999999999997e-05,25_cd4_3_S5,146085,11067,10943,1,21,0.00014375192524899888
TRBV12-03,CASRLAGGPEEQYF,TRBJ02-07,NLVPMVATV,CMV,0.74,4e-05,25_cd4_3_S5,146085,11067,10943,1,14,9.583461683266592e-05
TRBV12-03,CASSLGQGAYEQYF,TRBJ02-07,NLVPMVATV,CMV,0.74,4e-05,25_cd4_3_S5,146085,11067,10943,1,11,7.529862751138036e-05
TRBV12-03,CASSLLGGGEQFF,TRBJ02-01,NLVPMVATV,CMV,0.74,4e-05,25_cd4_3_S5,146085,11067,10943,1,9,6.160796796385666e-05
TRBV30,CAWSGQSYGYTF,TRBJ01-02,KAFSPEVIPMF,HIV,0.96,4e-05,25_cd4_3_S5,146085,11067,10943,1,8,5.476263819009482e-05
TRBV12-03,CASSLSTLQYF,TRBJ02-07,TPQDLNTML,HIV,0.55,4e-05,25_cd4_3_S5,146085,11067,10943,1,17,0.0001163706061539515
TRBV19,CASSTRSSYEQYF,TRBJ02-07,GILGFVFTL,Influenza,1.0,4e-05,25_cd4_3_S5,146085,11067,10943,1,22,0.00015059725502276073
TRBV27,CASSLAGGSYNEQFF,TRBJ02-01,ALSKGVHFV,SARS-CoV-2,0.7,4e-05,25_cd4_3_S5,146085,11067,10943,1,26,0.0001779785741178081
TRBV04-02,CASSQSYNEQFF,TRBJ02-01,FLPRVFSAV,SARS-CoV-2,0.81,4e-05,25_cd4_3_S5,146085,11067,10943,1,13,8.898928705890407e-05
TRBV19,CASSLGPNTEAFF,TRBJ01-01,HLVDFQVTI,SARS-CoV-2,0.78,4e-05,25_cd4_3_S5,146085,11067,10943,1,15,0.00010267994660642776
TRBV12-03,CASSLDNPSSYNSPLHF,TRBJ01-06,KLPDDFTGCV,SARS-CoV-2,0.82,4e-05,25_cd4_3_S5,146085,11067,10943,1,12,8.214395728514222e-05
TRBV19,CASSTPGLGNEQFF,TRBJ02-01,KPLEFGATSAAL,SARS-CoV-2,0.85,4e-05,25_cd4_3_S5,146085,11067,10943,1,11,7.529862751138036e-05
TRBV07-09,CASSLGTYNEQFF,TRBJ02-01,LPPAYTNSF,SARS-CoV-2,0.64,4e-05,25_cd4_3_S5,146085,11067,10943,1,8,5.476263819009482e-05
TRBV07-02,CASSMGLAGADTQYF,TRBJ02-03,MPASWVMRI,SARS-CoV-2,0.88,4e-05,25_cd4_3_S5,146085,11067,10943,1,27,0.00018482390389157
TRBV02,CASSVGLAGIDEQYF,TRBJ02-07,MPASWVMRI,SARS-CoV-2,0.9,4e-05,25_cd4_3_S5,146085,11067,10943,1,16,0.0001095252763801896
TRBV12-03,CASSLGQGAYEQYF,TRBJ02-07,NLNESLIDL,SARS-CoV-2,0.77,4e-05,25_cd4_3_S5,146085,11067,10943,1,11,7.529862751138036e-05
TRBV12-03,CASSFLVYEQYF,TRBJ02-07,TLIGDCATV,SARS-CoV-2,0.62,4e-05,25_cd4_3_S5,146085,11067,10943,1,32,0.00021905055276037928
TRBV12-03,CASSPQGETQYF,TRBJ02-05,TLIGDCATV,SARS-CoV-2,0.62,4e-05,25_cd4_3_S5,146085,11067,10943,1,10,6.845329773761851e-05
TRBV29-01,CSVEYGGPSSYNEQFF,TRBJ02-01,TPINLVRDL,SARS-CoV-2,0.83,4e-05,25_cd4_3_S5,146085,11067,10943,1,23,0.00015744258479652258
TRBV12-03,CASNLQGGTDTQYF,TRBJ02-03,NLVPMVATV,CMV,0.7,5e-05,25_cd4_3_S5,146085,11067,10943,1,9,6.160796796385666e-05
TRBV12-03,CASRPAGGSYEQYF,TRBJ02-07,NLVPMVATV,CMV,0.72,5e-05,25_cd4_3_S5,146085,11067,10943,1,12,8.214395728514222e-05
TRBV12-03,CASSEGVEVNEQFF,TRBJ02-01,NLVPMVATV,CMV,0.71,5e-05,25_cd4_3_S5,146085,11067,10943,1,15,0.00010267994660642776
TRBV27,CASSFGGEQFF,TRBJ02-01,NLVPMVATV,CMV,0.7,5e-05,25_cd4_3_S5,146085,11067,10943,1,10,6.845329773761851e-05
TRBV12-03,CASSFSTSGAYEQYF,TRBJ02-07,NLVPMVATV,CMV,0.71,5e-05,25_cd4_3_S5,146085,11067,10943,1,23,0.00015744258479652258
TRBV12-03,CASSFSYTEAFF,TRBJ01-01,NLVPMVATV,CMV,0.73,5e-05,25_cd4_3_S5,146085,11067,10943,1,21,0.00014375192524899888
TRBV12-03,CASSGGPYGYTF,TRBJ01-02,NLVPMVATV,CMV,0.7,5e-05,25_cd4_3_S5,146085,11067,10943,1,16,0.0001095252763801896
TRBV12-03,CASSHGGYEQYF,TRBJ02-07,NLVPMVATV,CMV,0.73,5e-05,25_cd4_3_S5,146085,11067,10943,1,12,8.214395728514222e-05
TRBV12-03,CASSLAGYNTEAFF,TRBJ01-01,NLVPMVATV,CMV,0.73,5e-05,25_cd4_3_S5,146085,11067,10943,1,10,6.845329773761851e-05
TRBV12-03,CASSLGEYGYTF,TRBJ01-02,NLVPMVATV,CMV,0.7,5e-05,25_cd4_3_S5,146085,11067,10943,1,15,0.00010267994660642776
TRBV12-03,CASSLGGNTEAFF,TRBJ01-01,NLVPMVATV,CMV,0.71,5e-05,25_cd4_3_S5,146085,11067,10943,1,13,8.898928705890407e-05
TRBV12-03,CASSLGQGVYEQYF,TRBJ02-07,NLVPMVATV,CMV,0.73,5e-05,25_cd4_3_S5,146085,11067,10943,1,27,0.00018482390389157
TRBV12-03,CASSLNGYTF,TRBJ01-02,NLVPMVATV,CMV,0.7,5e-05,25_cd4_3_S5,146085,11067,10943,1,17,0.0001163706061539515
TRBV12-03,CASSLVGEQYF,TRBJ02-07,NLVPMVATV,CMV,0.71,5e-05,25_cd4_3_S5,146085,11067,10943,1,12,8.214395728514222e-05
TRBV12-03,CASSPHEGDTQYF,TRBJ02-03,NLVPMVATV,CMV,0.72,5e-05,25_cd4_3_S5,146085,11067,10943,1,8,5.476263819009482e-05
TRBV12-03,CASSRASGRETQYF,TRBJ02-05,NLVPMVATV,CMV,0.71,5e-05,25_cd4_3_S5,146085,11067,10943,1,11,7.529862751138036e-05
TRBV12-03,CASSSAYEQYF,TRBJ02-07,NLVPMVATV,CMV,0.72,5e-05,25_cd4_3_S5,146085,11067,10943,1,21,0.00014375192524899888
TRBV12-03,CASSSGFYGYTF,TRBJ01-02,NLVPMVATV,CMV,0.7,5e-05,25_cd4_3_S5,146085,11067,10943,1,20,0.00013690659547523702
TRBV12-03,CASSSGTPYNEQFF,TRBJ02-01,NLVPMVATV,CMV,0.71,5e-05,25_cd4_3_S5,146085,11067,10943,1,12,8.214395728514222e-05
TRBV12-03,CASSSTDRTYEQYF,TRBJ02-07,NLVPMVATV,CMV,0.71,5e-05,25_cd4_3_S5,146085,11067,10943,1,12,8.214395728514222e-05
TRBV12-03,CASTLNTDTQYF,TRBJ02-03,NLVPMVATV,CMV,0.71,5e-05,25_cd4_3_S5,146085,11067,10943,1,11,7.529862751138036e-05
TRBV12-03,CVSSPTSGSGNEQFF,TRBJ02-01,NLVPMVATV,CMV,0.7,5e-05,25_cd4_3_S5,146085,11067,10943,1,7,4.791730841633296e-05
TRBV07-09,CASSFGGSYEQYF,TRBJ02-07,VTEHDTLLY,CMV,0.64,5e-05,25_cd4_3_S5,146085,11067,10943,1,11,7.529862751138036e-05
TRBV11-02,CASSLGGFYEQYF,TRBJ02-07,GTSGSPIINR,DENV3/4,0.84,5e-05,25_cd4_3_S5,146085,11067,10943,1,18,0.00012321593592771332
TRBV19,CASSSGSYEQYF,TRBJ02-07,KLVALGINAV,HCV,0.81,5e-05,25_cd4_3_S5,146085,11067,10943,1,30,0.00020535989321285552
TRBV02,CASSDRGRYNEQFF,TRBJ02-01,TPGPGVRYPL,HIV,0.74,5e-05,25_cd4_3_S5,146085,11067,10943,1,39,0.0002669678611767122
TRBV24-01,CATSESGRTDTQYF,TRBJ02-03,TPGPGVRYPL,HIV,0.76,5e-05,25_cd4_3_S5,146085,11067,10943,1,18,0.00012321593592771332
TRBV12-03,CASSLGSNVLTF,TRBJ02-06,TPQDLNTML,HIV,0.54,5e-05,25_cd4_3_S5,146085,11067,10943,1,15,0.00010267994660642776
TRBV12-03,CASSLVGEQYF,TRBJ02-07,TPQDLNTML,HIV,0.54,5e-05,25_cd4_3_S5,146085,11067,10943,1,12,8.214395728514222e-05
TRBV12-03,CASTLANREQFF,TRBJ02-01,TPQDLNTML,HIV,0.54,5e-05,25_cd4_3_S5,146085,11067,10943,1,20,0.00013690659547523702
TRBV25-01,CASSEFYEQYF,TRBJ02-07,ALSKGVHFV,SARS-CoV-2,0.69,5e-05,25_cd4_3_S5,146085,11067,10943,1,24,0.00016428791457028444
TRBV12-03,CASSHGGYEQYF,TRBJ02-07,FLNGSCGSV,SARS-CoV-2,0.92,5e-05,25_cd4_3_S5,146085,11067,10943,1,12,8.214395728514222e-05
TRBV12-03,CASSLGGNTEAFF,TRBJ01-01,FLNGSCGSV,SARS-CoV-2,0.92,5e-05,25_cd4_3_S5,146085,11067,10943,1,13,8.898928705890407e-05
TRBV07-02,CASSLGYEQYF,TRBJ02-07,FLNGSCGSV,SARS-CoV-2,0.92,5e-05,25_cd4_3_S5,146085,11067,10943,1,21,0.00014375192524899888
TRBV12-03,CASSSAYEQYF,TRBJ02-07,FLNGSCGSV,SARS-CoV-2,0.93,5e-05,25_cd4_3_S5,146085,11067,10943,1,21,0.00014375192524899888
TRBV29-01,CSVAMGSPEQYF,TRBJ02-07,SSNVANYQK,SARS-CoV-2,0.74,5e-05,25_cd4_3_S5,146085,11067,10943,1,9,6.160796796385666e-05
TRBV29-01,CSVGSGTSDTQYF,TRBJ02-03,SSNVANYQK,SARS-CoV-2,0.74,5e-05,25_cd4_3_S5,146085,11067,10943,1,16,0.0001095252763801896
TRBV07-09,CASSLGSGSYEQYF,TRBJ02-07,TPINLVRDL,SARS-CoV-2,0.82,5e-05,25_cd4_3_S5,146085,11067,10943,2,16,0.00010952527638018961
TRBV02,CASSELAGTFYEQYF,TRBJ02-07,FLKEKGGL,HIV,0.59,5.9999999999999995e-05,25_cd4_3_S5,146085,11067,10943,1,11,7.529862751138036e-05
TRBV02,CASSEWTSGVYEQYF,TRBJ02-07,FRDYVDRFYKTLRAEQASQE,HIV,0.85,5.9999999999999995e-05,25_cd4_3_S5,146085,11067,10943,1,17,0.0001163706061539515
TRBV11-02,CASSLDRNTGELFF,TRBJ02-02,RLRPGGKKK,HIV,0.71,5.9999999999999995e-05,25_cd4_3_S5,146085,11067,10943,1,12,8.214395728514222e-05
TRBV07-02,CASSLGWGGGEQFF,TRBJ02-01,RLRPGGKKK,HIV,0.69,5.9999999999999995e-05,25_cd4_3_S5,146085,11067,10943,1,12,8.214395728514222e-05
TRBV19,CASSPSGRANEQFF,TRBJ02-01,TPGPGVRYPL,HIV,0.71,5.9999999999999995e-05,25_cd4_3_S5,146085,11067,10943,1,9,6.160796796385666e-05
TRBV12-03,CASSFEGGGDTQYF,TRBJ02-03,ELAGIGILTV,Melanoma,0.7,5.9999999999999995e-05,25_cd4_3_S5,146085,11067,10943,1,11,7.529862751138036e-05
TRBV12-03,CASSFSQGGDEAFF,TRBJ01-01,ELAGIGILTV,Melanoma,0.72,5.9999999999999995e-05,25_cd4_3_S5,146085,11067,10943,1,17,0.0001163706061539515
TRBV12-03,CASSPHEGDTQYF,TRBJ02-03,ELAGIGILTV,Melanoma,0.71,5.9999999999999995e-05,25_cd4_3_S5,146085,11067,10943,1,8,5.476263819009482e-05
TRBV12-03,CASSYEGAPTEAFF,TRBJ01-01,ELAGIGILTV,Melanoma,0.7,5.9999999999999995e-05,25_cd4_3_S5,146085,11067,10943,1,20,0.00013690659547523702
TRBV12-03,CASTGTGSSYEQYF,TRBJ02-07,ELAGIGILTV,Melanoma,0.72,5.9999999999999995e-05,25_cd4_3_S5,146085,11067,10943,1,10,6.845329773761851e-05
TRBV02,CASSETYEQYF,TRBJ02-07,ALSKGVHFV,SARS-CoV-2,0.67,5.9999999999999995e-05,25_cd4_3_S5,146085,11067,10943,1,17,0.0001163706061539515
TRBV04-01,CASSSSYEQYF,TRBJ02-07,FLNGSCGSV,SARS-CoV-2,0.89,5.9999999999999995e-05,25_cd4_3_S5,146085,11067,10943,1,12,8.214395728514222e-05
TRBV07-02,CASSLGGGQETQYF,TRBJ02-05,FLPRVFSAV,SARS-CoV-2,0.78,5.9999999999999995e-05,25_cd4_3_S5,146085,11067,10943,2,31,0.00021220522298661738
TRBV25-01,CASSLGGNQPQHF,TRBJ01-05,HLVDFQVTI,SARS-CoV-2,0.76,5.9999999999999995e-05,25_cd4_3_S5,146085,11067,10943,1,15,0.00010267994660642776
TRBV12-03,CASSLGGNTEAFF,TRBJ01-01,HLVDFQVTI,SARS-CoV-2,0.76,5.9999999999999995e-05,25_cd4_3_S5,146085,11067,10943,1,13,8.898928705890407e-05
TRBV19,CASSSIGYEQYF,TRBJ02-07,ILHCANFNV,SARS-CoV-2,0.76,5.9999999999999995e-05,25_cd4_3_S5,146085,11067,10943,1,22,0.00015059725502276073
TRBV12-03,CASSTAGGEQFF,TRBJ02-01,ILHCANFNV,SARS-CoV-2,0.77,5.9999999999999995e-05,25_cd4_3_S5,146085,11067,10943,1,19,0.00013006126570147517
TRBV07-02,CASSLFGVNTEAFF,TRBJ01-01,IVDTVSALV,SARS-CoV-2,0.65,5.9999999999999995e-05,25_cd4_3_S5,146085,11067,10943,1,11,7.529862751138036e-05
TRBV11-02,CASSLGGFYEQYF,TRBJ02-07,IVDTVSALV,SARS-CoV-2,0.65,5.9999999999999995e-05,25_cd4_3_S5,146085,11067,10943,1,18,0.00012321593592771332
TRBV12-03,CASSLSDTQETQYF,TRBJ02-05,LPPAYTNSF,SARS-CoV-2,0.63,5.9999999999999995e-05,25_cd4_3_S5,146085,11067,10943,1,14,9.583461683266592e-05
TRBV12-03,CASSTAGGEQFF,TRBJ02-01,TLIGDCATV,SARS-CoV-2,0.6,5.9999999999999995e-05,25_cd4_3_S5,146085,11067,10943,1,19,0.00013006126570147517
TRBV11-03,CASSQGTGSSYEQYF,TRBJ02-07,TLVPQEHYV,SARS-CoV-2,0.68,5.9999999999999995e-05,25_cd4_3_S5,146085,11067,10943,1,17,0.0001163706061539515
TRBV12-03,CASRQTGGQETQYF,TRBJ02-05,NLVPMVATV,CMV,0.69,7e-05,25_cd4_3_S5,146085,11067,10943,1,24,0.00016428791457028444
TRBV12-03,CASSLGTVNTEAFF,TRBJ01-01,NLVPMVATV,CMV,0.69,7e-05,25_cd4_3_S5,146085,11067,10943,1,21,0.00014375192524899888
TRBV12-03,CASSLKVGTDTQYF,TRBJ02-03,NLVPMVATV,CMV,0.69,7e-05,25_cd4_3_S5,146085,11067,10943,1,18,0.00012321593592771332
TRBV12-03,CASSPGNTGELFF,TRBJ02-02,NLVPMVATV,CMV,0.69,7e-05,25_cd4_3_S5,146085,11067,10943,1,7,4.791730841633296e-05
TRBV12-03,CASSPGTGPYEQYF,TRBJ02-07,NLVPMVATV,CMV,0.69,7e-05,25_cd4_3_S5,146085,11067,10943,1,9,6.160796796385666e-05
TRBV12-03,CASSPPTGVGETQYF,TRBJ02-05,NLVPMVATV,CMV,0.69,7e-05,25_cd4_3_S5,146085,11067,10943,1,18,0.00012321593592771332
TRBV12-03,CASSPTMGEQYF,TRBJ02-07,NLVPMVATV,CMV,0.69,7e-05,25_cd4_3_S5,146085,11067,10943,1,17,0.0001163706061539515
TRBV05-05,CASSLSTDTQYF,TRBJ02-03,QYDPVAALF,CMV,0.58,7e-05,25_cd4_3_S5,146085,11067,10943,1,9,6.160796796385666e-05
TRBV12-03,CASSDGTVNTGELFF,TRBJ02-02,ATDALMTGY,HCV,0.8,7e-05,25_cd4_3_S5,146085,11067,10943,1,23,0.00015744258479652258
TRBV02,CASKGTGVYNEQFF,TRBJ02-01,FLKEKGGL,HIV,0.58,7e-05,25_cd4_3_S5,146085,11067,10943,1,10,6.845329773761851e-05
TRBV10-01,CASSEVTGELFF,TRBJ02-02,KRWIILGLNK,HIV,0.7,7e-05,25_cd4_3_S5,146085,11067,10943,1,16,0.0001095252763801896
TRBV27,CASSRYNEQFF,TRBJ02-01,QVPLRPMTYK,HIV,0.5,7e-05,25_cd4_3_S5,146085,11067,10943,1,7,4.791730841633296e-05
TRBV02,CASSRRTSGSTDTQYF,TRBJ02-03,RFYKTLRAEQASQ,HIV,0.86,7e-05,25_cd4_3_S5,146085,11067,10943,1,9,6.160796796385666e-05
TRBV07-02,CASSLDRYNEQFF,TRBJ02-01,SFHSLHLLF,HTLV1,0.68,7e-05,25_cd4_3_S5,146085,11067,10943,1,8,5.476263819009482e-05
TRBV12-03,CASSFSLNTEAFF,TRBJ01-01,ELAGIGILTV,Melanoma,0.67,7e-05,25_cd4_3_S5,146085,11067,10943,1,14,9.583461683266592e-05
TRBV12-03,CASSFSSAETQYF,TRBJ02-05,ELAGIGILTV,Melanoma,0.68,7e-05,25_cd4_3_S5,146085,11067,10943,1,7,4.791730841633296e-05
TRBV12-03,CASSFYGSDTEAFF,TRBJ01-01,ELAGIGILTV,Melanoma,0.68,7e-05,25_cd4_3_S5,146085,11067,10943,1,29,0.00019851456343909367
TRBV12-03,CASSISGGTDTQYF,TRBJ02-03,ELAGIGILTV,Melanoma,0.68,7e-05,25_cd4_3_S5,146085,11067,10943,1,16,0.0001095252763801896
TRBV12-03,CASSLAASTDTQYF,TRBJ02-03,ELAGIGILTV,Melanoma,0.68,7e-05,25_cd4_3_S5,146085,11067,10943,1,14,9.583461683266592e-05
TRBV12-03,CASSLAGGPNEQFF,TRBJ02-01,ELAGIGILTV,Melanoma,0.68,7e-05,25_cd4_3_S5,146085,11067,10943,1,19,0.00013006126570147517
TRBV12-03,CASSLGGSYGYTF,TRBJ01-02,ELAGIGILTV,Melanoma,0.68,7e-05,25_cd4_3_S5,146085,11067,10943,1,15,0.00010267994660642776
TRBV12-03,CASSLQGGNQPQHF,TRBJ01-05,ELAGIGILTV,Melanoma,0.69,7e-05,25_cd4_3_S5,146085,11067,10943,1,15,0.00010267994660642776
TRBV12-03,CASSLSGTTGNEQFF,TRBJ02-01,ELAGIGILTV,Melanoma,0.67,7e-05,25_cd4_3_S5,146085,11067,10943,1,15,0.00010267994660642776
TRBV12-03,CASSPGNTGELFF,TRBJ02-02,ELAGIGILTV,Melanoma,0.69,7e-05,25_cd4_3_S5,146085,11067,10943,1,7,4.791730841633296e-05
TRBV12-03,CASSPQGETQYF,TRBJ02-05,ELAGIGILTV,Melanoma,0.68,7e-05,25_cd4_3_S5,146085,11067,10943,1,10,6.845329773761851e-05
TRBV12-03,CASSPTMGEQYF,TRBJ02-07,ELAGIGILTV,Melanoma,0.69,7e-05,25_cd4_3_S5,146085,11067,10943,1,17,0.0001163706061539515
TRBV12-03,CASSSGNYQPQHF,TRBJ01-05,ELAGIGILTV,Melanoma,0.68,7e-05,25_cd4_3_S5,146085,11067,10943,1,11,7.529862751138036e-05
TRBV12-03,CASSSSGSSYEQYF,TRBJ02-07,ELAGIGILTV,Melanoma,0.68,7e-05,25_cd4_3_S5,146085,11067,10943,1,16,0.0001095252763801896
TRBV12-03,CASSTAGGEQFF,TRBJ02-01,ELAGIGILTV,Melanoma,0.69,7e-05,25_cd4_3_S5,146085,11067,10943,1,19,0.00013006126570147517
TRBV12-03,CASSTPGSAYEQYF,TRBJ02-07,ELAGIGILTV,Melanoma,0.68,7e-05,25_cd4_3_S5,146085,11067,10943,1,13,8.898928705890407e-05
TRBV27,CASSFLDTQYF,TRBJ02-03,HTTDPSFLGRY,SARS-CoV-2,0.98,7e-05,25_cd4_3_S5,146085,11067,10943,1,8,5.476263819009482e-05
TRBV27,CASSLSGGEQFF,TRBJ02-01,ILHCANFNV,SARS-CoV-2,0.74,7e-05,25_cd4_3_S5,146085,11067,10943,1,22,0.00015059725502276073
TRBV07-09,CASSFGGSYEQYF,TRBJ02-07,TLIGDCATV,SARS-CoV-2,0.59,7e-05,25_cd4_3_S5,146085,11067,10943,1,11,7.529862751138036e-05
TRBV12-03,CASSFVQSYEQYF,TRBJ02-07,TLIGDCATV,SARS-CoV-2,0.59,7e-05,25_cd4_3_S5,146085,11067,10943,1,23,0.00015744258479652258
TRBV12-03,CASSLIQTYEQYF,TRBJ02-07,TLIGDCATV,SARS-CoV-2,0.59,7e-05,25_cd4_3_S5,146085,11067,10943,1,17,0.0001163706061539515
TRBV12-03,CASSSGGNTQYF,TRBJ02-03,TLIGDCATV,SARS-CoV-2,0.59,7e-05,25_cd4_3_S5,146085,11067,10943,1,23,0.00015744258479652258
TRBV02,CASSEVNTGELFF,TRBJ02-02,YLQPRTFLL,SARS-CoV-2,0.99,7e-05,25_cd4_3_S5,146085,11067,10943,1,11,7.529862751138036e-05
TRBV19,CASSRTGAEAFF,TRBJ01-01,IPSINVHHY,CMV,0.64,8e-05,25_cd4_3_S5,146085,11067,10943,1,11,7.529862751138036e-05
TRBV12-03,CASSDGTVNTGELFF,TRBJ02-02,NLVPMVATV,CMV,0.68,8e-05,25_cd4_3_S5,146085,11067,10943,1,23,0.00015744258479652258
TRBV12-03,CASSFEGGGDTQYF,TRBJ02-03,NLVPMVATV,CMV,0.68,8e-05,25_cd4_3_S5,146085,11067,10943,1,11,7.529862751138036e-05
TRBV12-03,CASSISGGTDTQYF,TRBJ02-03,NLVPMVATV,CMV,0.68,8e-05,25_cd4_3_S5,146085,11067,10943,1,16,0.0001095252763801896
TRBV12-03,CASSLAMQTQYF,TRBJ02-05,NLVPMVATV,CMV,0.68,8e-05,25_cd4_3_S5,146085,11067,10943,1,18,0.00012321593592771332
TRBV12-03,CASSYEGAPTEAFF,TRBJ01-01,NLVPMVATV,CMV,0.68,8e-05,25_cd4_3_S5,146085,11067,10943,1,20,0.00013690659547523702
TRBV12-03,CASSYSGWGEQFF,TRBJ02-01,NLVPMVATV,CMV,0.68,8e-05,25_cd4_3_S5,146085,11067,10943,1,16,0.0001095252763801896
TRBV12-03,CASSFSGTDTQYF,TRBJ02-03,GTSGSPIIDK,DENV2,0.59,8e-05,25_cd4_3_S5,146085,11067,10943,1,11,7.529862751138036e-05
TRBV27,CASRQNTEAFF,TRBJ01-01,YVLDHLIVV,EBV,0.53,8e-05,25_cd4_3_S5,146085,11067,10943,1,5,3.4226648868809256e-05
TRBV12-03,CASGGGGYTEAFF,TRBJ01-01,TPQDLNTML,HIV,0.52,8e-05,25_cd4_3_S5,146085,11067,10943,1,12,8.214395728514222e-05
TRBV12-03,CASKLGNTGELFF,TRBJ02-02,TPQDLNTML,HIV,0.53,8e-05,25_cd4_3_S5,146085,11067,10943,1,10,6.845329773761851e-05
TRBV12-03,CASSFLVYEQYF,TRBJ02-07,TPQDLNTML,HIV,0.52,8e-05,25_cd4_3_S5,146085,11067,10943,1,32,0.00021905055276037928
TRBV12-03,CASSSTPHEQFF,TRBJ02-01,TPQDLNTML,HIV,0.52,8e-05,25_cd4_3_S5,146085,11067,10943,1,12,8.214395728514222e-05
TRBV12-05,CASSGAYEQYF,TRBJ02-07,FLNGSCGSV,SARS-CoV-2,0.88,8e-05,25_cd4_3_S5,146085,11067,10943,1,10,6.845329773761851e-05
TRBV07-08,CASSLLAGAGDTQYF,TRBJ02-03,IVDTVSALV,SARS-CoV-2,0.64,8e-05,25_cd4_3_S5,146085,11067,10943,1,15,0.00010267994660642776
TRBV21-01,CASRLDDSTDTQYF,TRBJ02-03,NLDSKVGGNY,SARS-CoV-2,0.88,8e-05,25_cd4_3_S5,146085,11067,10943,1,10,6.845329773761851e-05
TRBV07-02,CASSLGGNYEQYF,TRBJ02-07,NLNESLIDL,SARS-CoV-2,0.74,8e-05,25_cd4_3_S5,146085,11067,10943,1,11,7.529862751138036e-05
TRBV02,CASSERQGNQPQHF,TRBJ01-05,WICLLQFAY,SARS-CoV-2,0.82,8e-05,25_cd4_3_S5,146085,11067,10943,1,12,8.214395728514222e-05
TRBV18,CASSLVNTEAFF,TRBJ01-01,YFPLQSYGF,SARS-CoV-2,0.66,8e-05,25_cd4_3_S5,146085,11067,10943,1,21,0.00014375192524899888
TRBV02,CASSGTGVGTEAFF,TRBJ01-01,QYDPVAALF,CMV,0.56,9e-05,25_cd4_3_S5,146085,11067,10943,1,9,6.160796796385666e-05
TRBV02,CASSDWASGFNEQFF,TRBJ02-01,FRDYVDRFYKTLRAEQASQE,HIV,0.81,9e-05,25_cd4_3_S5,146085,11067,10943,1,17,0.0001163706061539515
TRBV29-01,CSVRTSGAETQYF,TRBJ02-05,IIKDYGKQM,HIV,0.6,9e-05,25_cd4_3_S5,146085,11067,10943,1,20,0.00013690659547523702
TRBV25-01,CASSGGFYGYTF,TRBJ01-02,KAFSPEVIPMF,HIV,0.92,9e-05,25_cd4_3_S5,146085,11067,10943,1,17,0.0001163706061539515
TRBV25-01,CASSEQTGELFF,TRBJ02-02,KRWIILGLNK,HIV,0.69,9e-05,25_cd4_3_S5,146085,11067,10943,1,22,0.00015059725502276073
TRBV18,CASSPGTFSYEQYF,TRBJ02-07,KRWIILGLNK,HIV,0.69,9e-05,25_cd4_3_S5,146085,11067,10943,1,33,0.00022589588253414103
TRBV06-01,CASSELGELFF,TRBJ02-02,QVPLRPMTYK,HIV,0.49,9e-05,25_cd4_3_S5,146085,11067,10943,1,5,3.4226648868809256e-05
TRBV07-09,CASSLTGGYEQYF,TRBJ02-07,LPRRSGAAGA,Influenza,0.81,9e-05,25_cd4_3_S5,146085,11067,10943,1,10,6.845329773761851e-05
TRBV27,CASSLYGGLGQPQHF,TRBJ01-05,EAAGIGILTV,Melanoma,0.78,9e-05,25_cd4_3_S5,146085,11067,10943,1,7,4.791730841633296e-05
TRBV12-03,CASRLAGGPEEQYF,TRBJ02-07,ELAGIGILTV,Melanoma,0.66,9e-05,25_cd4_3_S5,146085,11067,10943,1,14,9.583461683266592e-05
TRBV12-03,CASRQTGGQETQYF,TRBJ02-05,ELAGIGILTV,Melanoma,0.66,9e-05,25_cd4_3_S5,146085,11067,10943,1,24,0.00016428791457028444
TRBV12-03,CASSDQGGGETQYF,TRBJ02-05,ELAGIGILTV,Melanoma,0.65,9e-05,25_cd4_3_S5,146085,11067,10943,1,12,8.214395728514222e-05
TRBV12-03,CASSFSGQLNEQFF,TRBJ02-01,ELAGIGILTV,Melanoma,0.66,9e-05,25_cd4_3_S5,146085,11067,10943,1,13,8.898928705890407e-05
TRBV12-03,CASSFSTSGAYEQYF,TRBJ02-07,ELAGIGILTV,Melanoma,0.64,9e-05,25_cd4_3_S5,146085,11067,10943,1,23,0.00015744258479652258
TRBV12-03,CASSFSYTEAFF,TRBJ01-01,ELAGIGILTV,Melanoma,0.66,9e-05,25_cd4_3_S5,146085,11067,10943,1,21,0.00014375192524899888
TRBV12-03,CASSFVQSYEQYF,TRBJ02-07,ELAGIGILTV,Melanoma,0.64,9e-05,25_cd4_3_S5,146085,11067,10943,1,23,0.00015744258479652258
TRBV12-03,CASSGSSGANVLTF,TRBJ02-06,ELAGIGILTV,Melanoma,0.65,9e-05,25_cd4_3_S5,146085,11067,10943,1,14,9.583461683266592e-05
TRBV12-03,CASSLGGTSQDEQFF,TRBJ02-01,ELAGIGILTV,Melanoma,0.65,9e-05,25_cd4_3_S5,146085,11067,10943,1,15,0.00010267994660642776
TRBV12-03,CASSLGQGVYEQYF,TRBJ02-07,ELAGIGILTV,Melanoma,0.66,9e-05,25_cd4_3_S5,146085,11067,10943,1,27,0.00018482390389157
TRBV12-03,CASSLSDTQETQYF,TRBJ02-05,ELAGIGILTV,Melanoma,0.65,9e-05,25_cd4_3_S5,146085,11067,10943,1,14,9.583461683266592e-05
TRBV12-03,CASSPDGYQPQHF,TRBJ01-05,ELAGIGILTV,Melanoma,0.65,9e-05,25_cd4_3_S5,146085,11067,10943,1,15,0.00010267994660642776
TRBV12-03,CASSPGLAGNEQFF,TRBJ02-01,ELAGIGILTV,Melanoma,0.64,9e-05,25_cd4_3_S5,146085,11067,10943,1,13,8.898928705890407e-05
TRBV12-03,CASSPSGYEQYF,TRBJ02-07,ELAGIGILTV,Melanoma,0.64,9e-05,25_cd4_3_S5,146085,11067,10943,1,13,8.898928705890407e-05
TRBV03-01,CASSQNDYEQYF,TRBJ02-07,ELAGIGILTV,Melanoma,0.66,9e-05,25_cd4_3_S5,146085,11067,10943,1,21,0.00014375192524899888
TRBV12-03,CASSSLVGTDTQYF,TRBJ02-03,ELAGIGILTV,Melanoma,0.65,9e-05,25_cd4_3_S5,146085,11067,10943,1,125,0.0008556662217202313
TRBV12-03,CASSSWSETQYF,TRBJ02-05,ELAGIGILTV,Melanoma,0.66,9e-05,25_cd4_3_S5,146085,11067,10943,1,19,0.00013006126570147517
TRBV12-03,CASTLSGTSYNEQFF,TRBJ02-01,ELAGIGILTV,Melanoma,0.66,9e-05,25_cd4_3_S5,146085,11067,10943,1,17,0.0001163706061539515
TRBV12-03,CASTVQGTLSEQYF,TRBJ02-07,ELAGIGILTV,Melanoma,0.64,9e-05,25_cd4_3_S5,146085,11067,10943,1,20,0.00013690659547523702
TRBV19,CASSIAGYEQYF,TRBJ02-07,ILHCANFNV,SARS-CoV-2,0.72,9e-05,25_cd4_3_S5,146085,11067,10943,1,18,0.00012321593592771332
TRBV12-03,CASSSGGNTQYF,TRBJ02-03,ILHCANFNV,SARS-CoV-2,0.72,9e-05,25_cd4_3_S5,146085,11067,10943,1,23,0.00015744258479652258
TRBV27,CASSGLSSYEQYF,TRBJ02-07,LEPLVDLPI,SARS-CoV-2,0.67,9e-05,25_cd4_3_S5,146085,11067,10943,1,42,0.0002875038504979977
TRBV27,CASSLGQSYEQYF,TRBJ02-07,LEPLVDLPI,SARS-CoV-2,0.67,9e-05,25_cd4_3_S5,146085,11067,10943,1,10,6.845329773761851e-05
TRBV12-03,CASSFSGTDTQYF,TRBJ02-03,LLFNKVTLA,SARS-CoV-2,0.67,9e-05,25_cd4_3_S5,146085,11067,10943,1,11,7.529862751138036e-05
TRBV10-01,CASSVGSVDEQFF,TRBJ02-01,QECVRGTTVL,SARS-CoV-2,0.74,9e-05,25_cd4_3_S5,146085,11067,10943,1,15,0.00010267994660642776
TRBV27,CASSLPGTAGGYEQYF,TRBJ02-07,SEVGPEHSLAEY,SARS-CoV-2,0.65,9e-05,25_cd4_3_S5,146085,11067,10943,1,15,0.00010267994660642776
TRBV29-01,CSVEFGTSGRYNEQFF,TRBJ02-01,TPINLVRDL,SARS-CoV-2,0.77,9e-05,25_cd4_3_S5,146085,11067,10943,1,8,5.476263819009482e-05
TRBV10-02,CASSDRNTGELFF,TRBJ02-02,YLQPRTFLL,SARS-CoV-2,0.98,9e-05,25_cd4_3_S5,146085,11067,10943,1,10,6.845329773761851e-05
TRBV07-02,CASSPGTGAYEQYF,TRBJ02-07,LLWNGPMAV,YellowFeverVirus,0.87,9e-05,25_cd4_3_S5,146085,11067,10943,1,32,0.00021905055276037928
TRBV12-03,CASRPGTSGRDEQYF,TRBJ02-07,NLVPMVATV,CMV,0.67,0.0001,25_cd4_3_S5,146085,11067,10943,1,20,0.00013690659547523702
TRBV12-03,CASSFATGVVYEQYF,TRBJ02-07,NLVPMVATV,CMV,0.67,0.0001,25_cd4_3_S5,146085,11067,10943,1,13,8.898928705890407e-05
TRBV12-03,CASSFSGQLNEQFF,TRBJ02-01,NLVPMVATV,CMV,0.67,0.0001,25_cd4_3_S5,146085,11067,10943,1,13,8.898928705890407e-05
TRBV12-03,CASSGSYNIQYF,TRBJ02-04,NLVPMVATV,CMV,0.67,0.0001,25_cd4_3_S5,146085,11067,10943,1,14,9.583461683266592e-05
TRBV12-03,CASSSLVGTDTQYF,TRBJ02-03,NLVPMVATV,CMV,0.67,0.0001,25_cd4_3_S5,146085,11067,10943,1,125,0.0008556662217202313
TRBV12-03,CASSTPGSAYEQYF,TRBJ02-07,NLVPMVATV,CMV,0.67,0.0001,25_cd4_3_S5,146085,11067,10943,1,13,8.898928705890407e-05
TRBV19,CASSSTGTGGSEAFF,TRBJ01-01,QYDPVAALF,CMV,0.55,0.0001,25_cd4_3_S5,146085,11067,10943,1,19,0.00013006126570147517
TRBV07-02,CASRTSGIYEQYF,TRBJ02-07,IIKDYGKQM,HIV,0.59,0.0001,25_cd4_3_S5,146085,11067,10943,1,39,0.0002669678611767122
TRBV11-02,CASSPDRGHEQYF,TRBJ02-07,SFHSLHLLF,HTLV1,0.65,0.0001,25_cd4_3_S5,146085,11067,10943,1,20,0.00013690659547523702
TRBV19,CASSIRAGQPQHF,TRBJ01-05,GILGFVFTL,Influenza,0.98,0.0001,25_cd4_3_S5,146085,11067,10943,1,29,0.00019851456343909367
TRBV25-01,CASSLAGTYEQYF,TRBJ02-07,AMFWSVPTV,Melanoma,0.75,0.0001,25_cd4_3_S5,146085,11067,10943,1,10,6.845329773761851e-05
TRBV07-09,CASSLTGGYEQYF,TRBJ02-07,AMFWSVPTV,Melanoma,0.74,0.0001,25_cd4_3_S5,146085,11067,10943,1,10,6.845329773761851e-05
TRBV27,CASSFGSSYEQYF,TRBJ02-07,FVDGVPFVV,SARS-CoV-2,0.73,0.0001,25_cd4_3_S5,146085,11067,10943,1,9,6.160796796385666e-05
TRBV19,CASSTEYNEQFF,TRBJ02-01,ILGLPTQTV,SARS-CoV-2,0.73,0.0001,25_cd4_3_S5,146085,11067,10943,1,8,5.476263819009482e-05
TRBV12-03,CASSLVQGAAFF,TRBJ01-01,ILHCANFNV,SARS-CoV-2,0.71,0.0001,25_cd4_3_S5,146085,11067,10943,1,14,9.583461683266592e-05
TRBV02,CASSYTSGELFF,TRBJ02-02,ILHCANFNV,SARS-CoV-2,0.71,0.0001,25_cd4_3_S5,146085,11067,10943,1,16,0.0001095252763801896
TRBV12-03,CASRTGASYEQYF,TRBJ02-07,SEISMDNSPNL,SARS-CoV-2,0.61,0.0001,25_cd4_3_S5,146085,11067,10943,1,23,0.00015744258479652258
TRBV29-01,CSVEDSGTYSYNEQFF,TRBJ02-01,TPINLVRDL,SARS-CoV-2,0.76,0.0001,25_cd4_3_S5,146085,11067,10943,1,16,0.0001095252763801896
