TRBV_gene	CDR3_beta	TRBJ_gene	patient_id	Disease	cloneCount	epitope	pathology	score	bpr	total_count	unique_TCRs	%unique_TCRs	cloneFreq
TRBV10-2	CASSESYEQYF	TRBJ2-7	Healthy_1193BW	normal	1.0	FLNGSCGSV	SARS-CoV-2	0.92	5e-05	1215	1078	88.72427983539094	0.0008230452674897119
TRBV27	CASSFAEGFYEQYF	TRBJ2-7	Healthy_1193BW	normal	1.0	FPPTSFGPL	SARS-CoV-2	0.93	4e-05	1215	1078	88.72427983539094	0.0008230452674897119
TRBV4-1	CASSQVGLASEQFF	TRBJ2-1	Healthy_1193BW	normal	1.0	KPLEFGATSAAL	SARS-CoV-2	0.93	1e-05	1215	1078	88.72427983539094	0.0008230452674897119
TRBV5-6	CASSFTDTQYF	TRBJ2-3	Healthy_1193BW	normal	1.0	YLNTLTLAV	SARS-CoV-2	0.94	0.0	1215	1078	88.72427983539094	0.0008230452674897119
TRBV10-3	CAISTGYEQYF	TRBJ2-7	INCOV002-BL	COVID-19	1.0	FLNGSCGSV	SARS-CoV-2	0.94	5e-05	919	761	82.80739934711643	0.001088139281828074
TRBV12-4	CASSSGYEQYF	TRBJ2-7	INCOV002-BL	COVID-19	1.0	FLNGSCGSV	SARS-CoV-2	0.94	5e-05	919	761	82.80739934711643	0.001088139281828074
TRBV27	CASSLGYEQYF	TRBJ2-7	INCOV002-BL	COVID-19	1.0	FLNGSCGSV	SARS-CoV-2	0.96	2.9999999999999997e-05	919	761	82.80739934711643	0.001088139281828074
TRBV11-1	CASQDLNTGELFF	TRBJ2-2	INCOV088-BL	COVID-19	1.0	YLQPRTFLL	SARS-CoV-2	1.0	1e-05	142	135	95.07042253521126	0.007042253521126761
TRBV12-3	CASSPRTSYEQYF	TRBJ2-7	INCOV088-BL	COVID-19	1.0	EILDITPCSF	SARS-CoV-2	0.95	0.0	142	135	95.07042253521126	0.007042253521126761
TRBV7-3	CASSLTVRDRANTGELFF	TRBJ2-2	INCOV088-BL	COVID-19	1.0	TLDSKTQSL	SARS-CoV-2	0.97	0.0	142	135	95.07042253521126	0.007042253521126761
TRBV11-2	CASSFGTGGYEQYF	TRBJ2-7	INCOV077-BL	COVID-19	1.0	FLNGSCGSV	SARS-CoV-2	0.9	5.9999999999999995e-05	465	399	85.80645161290323	0.002150537634408602
TRBV12-3	CASSLGGAEAFF	TRBJ1-1	INCOV077-BL	COVID-19	1.0	FLNGSCGSV	SARS-CoV-2	0.91	5e-05	465	399	85.80645161290323	0.002150537634408602
TRBV27	CASSLGGYEQYF	TRBJ2-7	INCOV077-BL	COVID-19	1.0	ILHCANFNV	SARS-CoV-2	0.92	0.0	465	399	85.80645161290323	0.002150537634408602
TRBV11-2	CASSQGVNTEAFF	TRBJ1-1	INCOV016-BL	COVID-19	1.0	HLVDFQVTI	SARS-CoV-2	0.92	1e-05	603	293	48.59038142620232	0.001658374792703151
TRBV2	CASSQGVNTEAFF	TRBJ1-1	INCOV016-BL	COVID-19	1.0	HLVDFQVTI	SARS-CoV-2	0.92	1e-05	603	293	48.59038142620232	0.001658374792703151
TRBV11-3	CASSDSYEQYF	TRBJ2-7	INCOV012-BL	COVID-19	4.0	FLNGSCGSV	SARS-CoV-2	0.9	5.9999999999999995e-05	235	87	37.02127659574468	0.01702127659574468
TRBV11-3	CASSDSYEQYF	TRBJ2-7	INCOV012-AC	COVID-19	6.0	FLNGSCGSV	SARS-CoV-2	0.9	5.9999999999999995e-05	212	70	33.0188679245283	0.02830188679245283
TRBV11-3	CASSLGQNTEAFF	TRBJ1-1	Healthy_5046BW	normal	1.0	HLVDFQVTI	SARS-CoV-2	0.94	0.0	523	376	71.89292543021033	0.0019120458891013384
TRBV28	CASSLGQNTEAFF	TRBJ1-1	Healthy_5046BW	normal	1.0	HLVDFQVTI	SARS-CoV-2	0.92	1e-05	523	376	71.89292543021033	0.0019120458891013384
TRBV7-2	CASSLGYEQYF	TRBJ2-7	Healthy_5046BW	normal	1.0	FLNGSCGSV	SARS-CoV-2	0.92	5e-05	523	376	71.89292543021033	0.0019120458891013384
TRBV12-3	CASSFSSYEQYF	TRBJ2-7	INCOV120-AC	COVID-19	1.0	FLNGSCGSV	SARS-CoV-2	0.98	1e-05	367	228	62.12534059945504	0.0027247956403269754
TRBV12-3	CASSFSSYEQYF	TRBJ2-7	INCOV120-AC	COVID-19	1.0	FLPRVFSAV	SARS-CoV-2	0.95	1e-05	367	228	62.12534059945504	0.0027247956403269754
TRBV12-3	CASSFTYEQYF	TRBJ2-7	INCOV126-BL	COVID-19	1.0	FLNGSCGSV	SARS-CoV-2	0.93	5e-05	526	298	56.653992395437264	0.0019011406844106464
TRBV12-3	CASSLGGPTEAFF	TRBJ1-1	INCOV072-AC	COVID-19	7.0	FLNGSCGSV	SARS-CoV-2	0.91	5e-05	784	182	23.214285714285715	0.008928571428571428
TRBV12-3	CASSLGGPTEAFF	TRBJ1-1	INCOV072-BL	COVID-19	4.0	FLNGSCGSV	SARS-CoV-2	0.91	5e-05	302	80	26.490066225165563	0.013245033112582781
TRBV12-3	CASSLGGYEQYF	TRBJ2-7	INCOV122-AC	COVID-19	1.0	ILHCANFNV	SARS-CoV-2	1.0	0.0	406	301	74.13793103448276	0.0024630541871921183
TRBV12-3	CASSLGGYEQYF	TRBJ2-7	INCOV122-AC	COVID-19	1.0	FLNGSCGSV	SARS-CoV-2	0.97	2e-05	406	301	74.13793103448276	0.0024630541871921183
TRBV3-1	CASSQPGLAVEQFF	TRBJ2-1	INCOV122-AC	COVID-19	1.0	KPLEFGATSAAL	SARS-CoV-2	0.96	1e-05	406	301	74.13793103448276	0.0024630541871921183
TRBV12-4	CASLRANTGELFF	TRBJ2-2	INCOV125-AC	COVID-19	1.0	YLQPRTFLL	SARS-CoV-2	0.98	9e-05	353	320	90.65155807365439	0.0028328611898017
TRBV12-4	CASSDLNTGELFF	TRBJ2-2	INCOV083-AC	COVID-19	2.0	YLQPRTFLL	SARS-CoV-2	1.0	1e-05	114	86	75.43859649122807	0.017543859649122806
TRBV12-4	CASSFGGYEQYF	TRBJ2-7	INCOV042-AC	COVID-19	1.0	FLNGSCGSV	SARS-CoV-2	0.93	5e-05	115	91	79.1304347826087	0.008695652173913044
TRBV12-4	CASSFGGYEQYF	TRBJ2-7	INCOV042-AC	COVID-19	1.0	ILHCANFNV	SARS-CoV-2	0.94	0.0	115	91	79.1304347826087	0.008695652173913044
TRBV12-4	CASSLGYEQYF	TRBJ2-7	INCOV035-BL	COVID-19	1.0	FLNGSCGSV	SARS-CoV-2	0.93	5e-05	193	75	38.86010362694301	0.0051813471502590676
TRBV12-4	CASSTSYEQYF	TRBJ2-7	INCOV141-AC	COVID-19	1.0	FLNGSCGSV	SARS-CoV-2	0.97	2e-05	602	482	80.06644518272425	0.0016611295681063123
TRBV27	CASADRGPNQPQHF	TRBJ1-5	INCOV141-AC	COVID-19	1.0	HTTDPSFLGRY	SARS-CoV-2	0.99	4e-05	602	482	80.06644518272425	0.0016611295681063123
TRBV5-5	CASSLGLNTEAFF	TRBJ1-1	INCOV141-AC	COVID-19	1.0	HLVDFQVTI	SARS-CoV-2	0.96	0.0	602	482	80.06644518272425	0.0016611295681063123
TRBV12-5	CASGLGLAGEETQYF	TRBJ2-5	INCOV057-AC	COVID-19	1.0	KLWAQCVQL	SARS-CoV-2	0.93	0.0	266	236	88.7218045112782	0.0037593984962406013
TRBV14	CASSQGYEQYF	TRBJ2-7	INCOV006-AC	COVID-19	1.0	FLNGSCGSV	SARS-CoV-2	0.96	2.9999999999999997e-05	610	373	61.14754098360656	0.001639344262295082
TRBV28	CASSLGVNTEAFF	TRBJ1-1	INCOV006-AC	COVID-19	1.0	HLVDFQVTI	SARS-CoV-2	0.92	1e-05	610	373	61.14754098360656	0.001639344262295082
TRBV2	CASGELNTGELFF	TRBJ2-2	INCOV028-BL	COVID-19	1.0	YLQPRTFLL	SARS-CoV-2	1.0	1e-05	166	127	76.50602409638554	0.006024096385542169
TRBV20-1	CSARDEAAMNTGELFF	TRBJ2-2	INCOV005-AC	COVID-19	1.0	YLQPRTFLL	SARS-CoV-2	0.99	7e-05	117	86	73.5042735042735	0.008547008547008548
TRBV24-1	CATSETNTGELFF	TRBJ2-2	INCOV047-AC	COVID-19	1.0	YLQPRTFLL	SARS-CoV-2	1.0	1e-05	28	28	100.0	0.03571428571428571
TRBV25-1	CASGDSNTGELFF	TRBJ2-2	INCOV030-AC	COVID-19	1.0	YLQPRTFLL	SARS-CoV-2	0.98	9e-05	208	171	82.21153846153847	0.004807692307692308
TRBV5-1	CASSSENTGELFF	TRBJ2-2	INCOV030-AC	COVID-19	1.0	YLQPRTFLL	SARS-CoV-2	0.99	7e-05	208	171	82.21153846153847	0.004807692307692308
TRBV9	CASSVGGNEQFF	TRBJ2-1	INCOV030-AC	COVID-19	1.0	FVDGVPFVV	SARS-CoV-2	0.93	0.0	208	171	82.21153846153847	0.004807692307692308
TRBV27	CASGDRATNEKLFF	TRBJ1-4	INCOV039-AC	COVID-19	4.0	HTTDPSFLGRY	SARS-CoV-2	0.99	4e-05	516	377	73.06201550387597	0.007751937984496124
TRBV27	CASSDRGGADTQYF	TRBJ2-3	INCOV039-AC	COVID-19	1.0	HTTDPSFLGRY	SARS-CoV-2	1.0	1e-05	516	377	73.06201550387597	0.001937984496124031
TRBV27	CASSDRGPGDTQYF	TRBJ2-3	INCOV039-AC	COVID-19	1.0	HTTDPSFLGRY	SARS-CoV-2	1.0	1e-05	516	377	73.06201550387597	0.001937984496124031
TRBV27	CASSDRGPVDEQFF	TRBJ2-1	INCOV039-AC	COVID-19	1.0	HTTDPSFLGRY	SARS-CoV-2	1.0	1e-05	516	377	73.06201550387597	0.001937984496124031
TRBV27	CASSDRGVADTQYF	TRBJ2-3	INCOV039-AC	COVID-19	5.0	HTTDPSFLGRY	SARS-CoV-2	1.0	1e-05	516	377	73.06201550387597	0.009689922480620155
TRBV27	CASSFRDGTDTQYF	TRBJ2-3	INCOV039-AC	COVID-19	9.0	HTTDPSFLGRY	SARS-CoV-2	1.0	1e-05	516	377	73.06201550387597	0.01744186046511628
TRBV27	CASSLRDMQETQYF	TRBJ2-5	INCOV039-AC	COVID-19	1.0	HTTDPSFLGRY	SARS-CoV-2	0.97	9e-05	516	377	73.06201550387597	0.001937984496124031
TRBV27	CASSLSGPIETQYF	TRBJ2-5	INCOV039-AC	COVID-19	1.0	HTTDPSFLGRY	SARS-CoV-2	1.0	1e-05	516	377	73.06201550387597	0.001937984496124031
TRBV27	CASSPRDAWDEQFF	TRBJ2-1	INCOV039-AC	COVID-19	1.0	HTTDPSFLGRY	SARS-CoV-2	1.0	1e-05	516	377	73.06201550387597	0.001937984496124031
TRBV27	CASSTRDGTDTQYF	TRBJ2-3	INCOV039-AC	COVID-19	1.0	HTTDPSFLGRY	SARS-CoV-2	1.0	1e-05	516	377	73.06201550387597	0.001937984496124031
TRBV27	CASGDRGPLDTQYF	TRBJ2-3	INCOV002-AC	COVID-19	1.0	HTTDPSFLGRY	SARS-CoV-2	1.0	1e-05	1082	721	66.6358595194085	0.0009242144177449168
TRBV27	CASSARDYLDEQFF	TRBJ2-1	INCOV002-AC	COVID-19	1.0	HTTDPSFLGRY	SARS-CoV-2	0.97	9e-05	1082	721	66.6358595194085	0.0009242144177449168
TRBV27	CASSDRAGTDTQYF	TRBJ2-3	INCOV002-AC	COVID-19	1.0	HTTDPSFLGRY	SARS-CoV-2	1.0	1e-05	1082	721	66.6358595194085	0.0009242144177449168
TRBV27	CASSFRSGNDEQFF	TRBJ2-1	INCOV002-AC	COVID-19	4.0	HTTDPSFLGRY	SARS-CoV-2	0.97	9e-05	1082	721	66.6358595194085	0.0036968576709796672
TRBV27	CASSFRSGSDEQFF	TRBJ2-1	INCOV002-AC	COVID-19	1.0	HTTDPSFLGRY	SARS-CoV-2	0.99	4e-05	1082	721	66.6358595194085	0.0009242144177449168
TRBV27	CASSLDSPNQPQHF	TRBJ1-5	INCOV002-AC	COVID-19	1.0	HTTDPSFLGRY	SARS-CoV-2	1.0	1e-05	1082	721	66.6358595194085	0.0009242144177449168
TRBV27	CASSLRDGADEQFF	TRBJ2-1	INCOV002-AC	COVID-19	1.0	HTTDPSFLGRY	SARS-CoV-2	0.97	9e-05	1082	721	66.6358595194085	0.0009242144177449168
TRBV27	CASSLRDSFTDTQYF	TRBJ2-3	INCOV002-AC	COVID-19	1.0	HTTDPSFLGRY	SARS-CoV-2	0.99	4e-05	1082	721	66.6358595194085	0.0009242144177449168
TRBV27	CASSLRSGGDTQYF	TRBJ2-3	INCOV002-AC	COVID-19	1.0	HTTDPSFLGRY	SARS-CoV-2	1.0	1e-05	1082	721	66.6358595194085	0.0009242144177449168
TRBV27	CASSLSAPQETQYF	TRBJ2-5	INCOV002-AC	COVID-19	2.0	HTTDPSFLGRY	SARS-CoV-2	1.0	1e-05	1082	721	66.6358595194085	0.0018484288354898336
TRBV27	CASSLSGPQETQYF	TRBJ2-5	INCOV002-AC	COVID-19	1.0	HTTDPSFLGRY	SARS-CoV-2	1.0	1e-05	1082	721	66.6358595194085	0.0009242144177449168
TRBV27	CASSLSSPQETQYF	TRBJ2-5	INCOV002-AC	COVID-19	1.0	HTTDPSFLGRY	SARS-CoV-2	1.0	1e-05	1082	721	66.6358595194085	0.0009242144177449168
TRBV27	CASSLSSYNEQFF	TRBJ2-1	INCOV002-AC	COVID-19	1.0	FPPTSFGPL	SARS-CoV-2	0.93	4e-05	1082	721	66.6358595194085	0.0009242144177449168
TRBV27	CASSLTDSTDTQYF	TRBJ2-3	INCOV002-AC	COVID-19	1.0	HTTDPSFLGRY	SARS-CoV-2	1.0	1e-05	1082	721	66.6358595194085	0.0009242144177449168
TRBV27	CASSNRDSTDTQYF	TRBJ2-3	INCOV002-AC	COVID-19	1.0	HTTDPSFLGRY	SARS-CoV-2	0.98	7e-05	1082	721	66.6358595194085	0.0009242144177449168
TRBV27	CASSPRDSNEKLFF	TRBJ1-4	INCOV002-AC	COVID-19	1.0	HTTDPSFLGRY	SARS-CoV-2	0.98	7e-05	1082	721	66.6358595194085	0.0009242144177449168
TRBV27	CASSPRGPTDTQYF	TRBJ2-3	INCOV002-AC	COVID-19	1.0	HTTDPSFLGRY	SARS-CoV-2	1.0	1e-05	1082	721	66.6358595194085	0.0009242144177449168
TRBV27	CASSPRSGADTQYF	TRBJ2-3	INCOV002-AC	COVID-19	3.0	HTTDPSFLGRY	SARS-CoV-2	1.0	1e-05	1082	721	66.6358595194085	0.0027726432532347504
TRBV27	CASSPRSTNEKLFF	TRBJ1-4	INCOV002-AC	COVID-19	1.0	HTTDPSFLGRY	SARS-CoV-2	0.97	9e-05	1082	721	66.6358595194085	0.0009242144177449168
TRBV27	CASSQRDSQETQYF	TRBJ2-5	INCOV002-AC	COVID-19	1.0	HTTDPSFLGRY	SARS-CoV-2	0.99	4e-05	1082	721	66.6358595194085	0.0009242144177449168
TRBV27	CASSSRGPPDTQYF	TRBJ2-3	INCOV002-AC	COVID-19	1.0	HTTDPSFLGRY	SARS-CoV-2	0.97	9e-05	1082	721	66.6358595194085	0.0009242144177449168
TRBV27	CASSYRDPTDTQYF	TRBJ2-3	INCOV002-AC	COVID-19	1.0	HTTDPSFLGRY	SARS-CoV-2	0.98	7e-05	1082	721	66.6358595194085	0.0009242144177449168
TRBV27	CASTSRGPTDTQYF	TRBJ2-3	INCOV002-AC	COVID-19	1.0	HTTDPSFLGRY	SARS-CoV-2	0.99	4e-05	1082	721	66.6358595194085	0.0009242144177449168
TRBV4-3	CASSQGYEQYF	TRBJ2-7	INCOV002-AC	COVID-19	1.0	FLNGSCGSV	SARS-CoV-2	0.99	0.0	1082	721	66.6358595194085	0.0009242144177449168
TRBV27	CASSDRGGPDTQYF	TRBJ2-3	INCOV090-AC	COVID-19	1.0	HTTDPSFLGRY	SARS-CoV-2	1.0	1e-05	117	73	62.39316239316239	0.008547008547008548
TRBV27	CASSLGSPQETQYF	TRBJ2-5	INCOV090-AC	COVID-19	1.0	HTTDPSFLGRY	SARS-CoV-2	0.99	4e-05	117	73	62.39316239316239	0.008547008547008548
TRBV27	CASSPRDGGDTQYF	TRBJ2-3	INCOV090-AC	COVID-19	1.0	HTTDPSFLGRY	SARS-CoV-2	1.0	1e-05	117	73	62.39316239316239	0.008547008547008548
TRBV27	CASSDRGGPDTQYF	TRBJ2-3	INCOV075-BL	COVID-19	1.0	HTTDPSFLGRY	SARS-CoV-2	1.0	1e-05	192	164	85.41666666666667	0.005208333333333333
TRBV27	CASSDRGPTDTQYF	TRBJ2-3	INCOV053-AC	COVID-19	3.0	HTTDPSFLGRY	SARS-CoV-2	1.0	1e-05	189	89	47.08994708994709	0.015873015873015872
TRBV5-6	CASSDSYEQYF	TRBJ2-7	INCOV053-AC	COVID-19	1.0	FLNGSCGSV	SARS-CoV-2	0.9	5.9999999999999995e-05	189	89	47.08994708994709	0.005291005291005291
TRBV27	CASSDRGPTDTQYF	TRBJ2-3	INCOV093-AC	COVID-19	2.0	HTTDPSFLGRY	SARS-CoV-2	1.0	1e-05	376	157	41.755319148936174	0.005319148936170213
TRBV27	CASSFRDGTDTQYF	TRBJ2-3	INCOV066-BL	COVID-19	2.0	HTTDPSFLGRY	SARS-CoV-2	1.0	1e-05	567	411	72.48677248677248	0.003527336860670194
TRBV27	CASSFRGPLDEQYF	TRBJ2-7	INCOV066-BL	COVID-19	1.0	HTTDPSFLGRY	SARS-CoV-2	0.99	4e-05	567	411	72.48677248677248	0.001763668430335097
TRBV27	CASSLSSSGEQYF	TRBJ2-7	INCOV066-BL	COVID-19	1.0	FPPTSFGPL	SARS-CoV-2	0.93	4e-05	567	411	72.48677248677248	0.001763668430335097
TRBV27	CASSMTAPQETQYF	TRBJ2-5	INCOV066-BL	COVID-19	1.0	HTTDPSFLGRY	SARS-CoV-2	0.98	7e-05	567	411	72.48677248677248	0.001763668430335097
TRBV29-1	CSVEIQSSYEQYF	TRBJ2-7	INCOV066-BL	COVID-19	1.0	HTTDPSFLGRY	SARS-CoV-2	0.97	9e-05	567	411	72.48677248677248	0.001763668430335097
TRBV27	CASSFRDGTDTQYF	TRBJ2-3	INCOV045-BL	COVID-19	1.0	HTTDPSFLGRY	SARS-CoV-2	1.0	1e-05	281	239	85.05338078291815	0.0035587188612099642
TRBV27	CASSLSGPLETQYF	TRBJ2-5	INCOV045-BL	COVID-19	1.0	HTTDPSFLGRY	SARS-CoV-2	1.0	1e-05	281	239	85.05338078291815	0.0035587188612099642
TRBV9	CASSAGTVYGYTF	TRBJ1-2	INCOV045-BL	COVID-19	1.0	HTTDPSFLGRY	SARS-CoV-2	0.98	7e-05	281	239	85.05338078291815	0.0035587188612099642
TRBV27	CASSHRAGNEKLFF	TRBJ1-4	INCOV066-AC	COVID-19	1.0	HTTDPSFLGRY	SARS-CoV-2	0.97	9e-05	642	240	37.38317757009346	0.001557632398753894
TRBV27	CASSLAGGSYEQYF	TRBJ2-7	INCOV006-BL	COVID-19	1.0	FPPTSFGPL	SARS-CoV-2	0.96	2e-05	146	82	56.16438356164384	0.00684931506849315
TRBV27	CASSLAGMNTEAFF	TRBJ1-1	INCOV060-AC	COVID-19	1.0	FPPTSFGPL	SARS-CoV-2	0.96	2e-05	798	516	64.66165413533835	0.0012531328320802004
TRBV27	CASSLRSGQDTQYF	TRBJ2-3	INCOV060-AC	COVID-19	1.0	HTTDPSFLGRY	SARS-CoV-2	1.0	1e-05	798	516	64.66165413533835	0.0012531328320802004
TRBV27	CASSLGGYEQYF	TRBJ2-7	INCOV056-BL	COVID-19	1.0	ILHCANFNV	SARS-CoV-2	0.92	0.0	308	236	76.62337662337663	0.003246753246753247
TRBV27	CASSLSSYNEQFF	TRBJ2-1	INCOV056-BL	COVID-19	1.0	FPPTSFGPL	SARS-CoV-2	0.93	4e-05	308	236	76.62337662337663	0.003246753246753247
TRBV27	CASSWAGGTTEAFF	TRBJ1-1	INCOV056-BL	COVID-19	1.0	FPPTSFGPL	SARS-CoV-2	0.93	4e-05	308	236	76.62337662337663	0.003246753246753247
TRBV27	CASSLGYEQYF	TRBJ2-7	INCOV077-AC	COVID-19	1.0	FLNGSCGSV	SARS-CoV-2	0.96	2.9999999999999997e-05	465	292	62.795698924731184	0.002150537634408602
TRBV27	CASSLRSGQDTQYF	TRBJ2-3	INCOV060-BL	COVID-19	1.0	HTTDPSFLGRY	SARS-CoV-2	1.0	1e-05	259	179	69.11196911196912	0.003861003861003861
TRBV27	CASSLTDSTDTQYF	TRBJ2-3	INCOV060-BL	COVID-19	1.0	HTTDPSFLGRY	SARS-CoV-2	1.0	1e-05	259	179	69.11196911196912	0.003861003861003861
TRBV27	CASSPRDFTDTQYF	TRBJ2-3	INCOV060-BL	COVID-19	1.0	HTTDPSFLGRY	SARS-CoV-2	1.0	1e-05	259	179	69.11196911196912	0.003861003861003861
TRBV6-2	CASSTGYSNQPQHF	TRBJ1-5	INCOV060-BL	COVID-19	1.0	HTTDPSFLGRY	SARS-CoV-2	0.97	9e-05	259	179	69.11196911196912	0.003861003861003861
TRBV27	CASSLSAGTDTQYF	TRBJ2-3	INCOV020-AC	COVID-19	1.0	HTTDPSFLGRY	SARS-CoV-2	0.97	9e-05	109	60	55.04587155963303	0.009174311926605505
TRBV27	CASSLSEGGYEQYF	TRBJ2-7	INCOV115-AC	COVID-19	1.0	FPPTSFGPL	SARS-CoV-2	0.91	5.9999999999999995e-05	232	201	86.63793103448276	0.004310344827586207
TRBV27	CASSLSEGSSEAFF	TRBJ1-1	INCOV128-AC	COVID-19	2.0	FPPTSFGPL	SARS-CoV-2	0.92	4e-05	378	190	50.264550264550266	0.005291005291005291
TRBV27	CASSLSSGGYEQFF	TRBJ2-1	Healthy_BP05191345	normal	1.0	FPPTSFGPL	SARS-CoV-2	0.91	5.9999999999999995e-05	304	270	88.8157894736842	0.003289473684210526
TRBV27	CASSLSSGSYEQYF	TRBJ2-7	INCOV010-BL	COVID-19	1.0	FPPTSFGPL	SARS-CoV-2	0.97	1e-05	772	480	62.17616580310881	0.0012953367875647669
TRBV5-4	CASSLGPNEQFF	TRBJ2-1	INCOV010-BL	COVID-19	1.0	VLWAHGFEL	SARS-CoV-2	0.9	2e-05	772	480	62.17616580310881	0.0012953367875647669
TRBV27	CASSLSTGAPEAFF	TRBJ1-1	Healthy_3283BW	normal	1.0	FPPTSFGPL	SARS-CoV-2	0.91	5.9999999999999995e-05	110	106	96.36363636363636	0.00909090909090909
TRBV27	CASSLTDSNQPQHF	TRBJ1-5	INCOV096-AC	COVID-19	1.0	HTTDPSFLGRY	SARS-CoV-2	0.99	4e-05	82	63	76.82926829268293	0.012195121951219513
TRBV27	CASSNSYEQYF	TRBJ2-7	Healthy_6130BW	normal	1.0	FLNGSCGSV	SARS-CoV-2	0.98	1e-05	746	436	58.44504021447721	0.0013404825737265416
TRBV9	CASSVGGELFF	TRBJ2-2	Healthy_6130BW	normal	1.0	RQLLFVVEV	SARS-CoV-2	0.98	2e-05	746	436	58.44504021447721	0.0013404825737265416
TRBV27	CASSPRDGGDTQYF	TRBJ2-3	INCOV079-AC	COVID-19	1.0	HTTDPSFLGRY	SARS-CoV-2	1.0	1e-05	40	38	95.0	0.025
TRBV27	CASSPRDGGDTQYF	TRBJ2-3	INCOV090-BL	COVID-19	1.0	HTTDPSFLGRY	SARS-CoV-2	1.0	1e-05	100	65	65.0	0.01
TRBV9	CASSVTGELFF	TRBJ2-2	INCOV090-BL	COVID-19	1.0	RQLLFVVEV	SARS-CoV-2	0.93	2.9999999999999997e-05	100	65	65.0	0.01
TRBV27	CASSPRDSTDTQYF	TRBJ2-3	INCOV034-BL	COVID-19	5.0	HTTDPSFLGRY	SARS-CoV-2	0.99	4e-05	178	93	52.247191011235955	0.028089887640449437
TRBV27	CASSPRDSTDTQYF	TRBJ2-3	INCOV034-AC	COVID-19	7.0	HTTDPSFLGRY	SARS-CoV-2	0.99	4e-05	336	133	39.583333333333336	0.020833333333333332
TRBV27	CASSPREGVTDTQYF	TRBJ2-3	INCOV014-BL	COVID-19	1.0	HTTDPSFLGRY	SARS-CoV-2	1.0	1e-05	301	214	71.09634551495017	0.0033222591362126247
TRBV27	CASSSSYEQYF	TRBJ2-7	INCOV104-BL	COVID-19	1.0	FLNGSCGSV	SARS-CoV-2	0.97	2e-05	361	256	70.91412742382272	0.002770083102493075
TRBV9	CASSAGLAGTDTQYF	TRBJ2-3	INCOV104-BL	COVID-19	1.0	MPASWVMRI	SARS-CoV-2	1.0	1e-05	361	256	70.91412742382272	0.002770083102493075
TRBV27	CASSYRGSTDTQYF	TRBJ2-3	Healthy_BP0319250	normal	1.0	HTTDPSFLGRY	SARS-CoV-2	0.98	7e-05	211	142	67.29857819905213	0.004739336492890996
TRBV28	CASSDSYEQYF	TRBJ2-7	INCOV023-BL	COVID-19	1.0	FLNGSCGSV	SARS-CoV-2	0.9	5.9999999999999995e-05	254	152	59.84251968503937	0.003937007874015748
TRBV28	CASSFGKVNTEAFF	TRBJ1-1	INCOV024-BL	COVID-19	1.0	WICLLQFAY	SARS-CoV-2	0.91	4e-05	513	309	60.23391812865497	0.001949317738791423
TRBV28	CASSFSYEQYF	TRBJ2-7	Healthy_2982BW	normal	1.0	FLNGSCGSV	SARS-CoV-2	0.94	5e-05	521	461	88.48368522072937	0.0019193857965451055
TRBV5-1	CASSLGSGSYEQYF	TRBJ2-7	Healthy_2982BW	normal	1.0	TPINLVRDL	SARS-CoV-2	0.9	1e-05	521	461	88.48368522072937	0.0019193857965451055
TRBV5-4	CASSLVGGEQYF	TRBJ2-7	Healthy_2982BW	normal	1.0	FLPRVFSAV	SARS-CoV-2	0.93	1e-05	521	461	88.48368522072937	0.0019193857965451055
TRBV28	CASSYGRVGTEAFF	TRBJ1-1	INCOV019-BL	COVID-19	1.0	WICLLQFAY	SARS-CoV-2	0.93	2.9999999999999997e-05	273	246	90.10989010989012	0.003663003663003663
TRBV5-1	CASSLSYEQYF	TRBJ2-7	INCOV019-BL	COVID-19	1.0	FLNGSCGSV	SARS-CoV-2	0.92	5e-05	273	246	90.10989010989012	0.003663003663003663
TRBV9	CASSVGQGSYEQYF	TRBJ2-7	INCOV019-BL	COVID-19	1.0	NLNESLIDL	SARS-CoV-2	0.98	0.0	273	246	90.10989010989012	0.003663003663003663
TRBV29-1	CSVEGGHGYSSYNEQFF	TRBJ2-1	Healthy_CL2	normal	1.0	TPINLVRDL	SARS-CoV-2	0.96	0.0	466	373	80.04291845493562	0.002145922746781116
TRBV29-1	CSVGGTGDRSYNEQFF	TRBJ2-1	INCOV004-BL	COVID-19	1.0	TPINLVRDL	SARS-CoV-2	0.9	1e-05	768	285	37.109375	0.0013020833333333333
TRBV4-2	CASSQGLAGADTQYF	TRBJ2-3	INCOV039-BL	COVID-19	1.0	MPASWVMRI	SARS-CoV-2	0.91	4e-05	211	160	75.82938388625593	0.004739336492890996
TRBV5-1	CASSFSGYEQYF	TRBJ2-7	INCOV136-AC	COVID-19	1.0	FLNGSCGSV	SARS-CoV-2	0.97	2e-05	109	88	80.73394495412845	0.009174311926605505
TRBV5-1	CASSLGLNTEAFF	TRBJ1-1	INCOV136-AC	COVID-19	1.0	HLVDFQVTI	SARS-CoV-2	0.94	0.0	109	88	80.73394495412845	0.009174311926605505
TRBV5-1	CASSSGLAGTDTQYF	TRBJ2-3	INCOV144-AC	COVID-19	1.0	MPASWVMRI	SARS-CoV-2	0.94	1e-05	249	178	71.4859437751004	0.004016064257028112
TRBV5-1	CASSTGLAGADEQFF	TRBJ2-1	INCOV134-BL	COVID-19	1.0	MPASWVMRI	SARS-CoV-2	0.91	4e-05	120	93	77.5	0.008333333333333333
TRBV5-1	CASSTTYEQYF	TRBJ2-7	INCOV078-AC	COVID-19	1.0	FLNGSCGSV	SARS-CoV-2	0.9	5.9999999999999995e-05	150	91	60.666666666666664	0.006666666666666667
TRBV5-4	CASSFGDYEQYF	TRBJ2-7	Healthy_2773BW	normal	1.0	FLNGSCGSV	SARS-CoV-2	0.97	2e-05	207	164	79.22705314009661	0.004830917874396135
TRBV5-4	CASSLGQNTEAFF	TRBJ1-1	INCOV067-BL	COVID-19	1.0	HLVDFQVTI	SARS-CoV-2	0.92	1e-05	196	177	90.3061224489796	0.00510204081632653
TRBV5-4	CASSLGWNTGELFF	TRBJ2-2	INCOV119-BL	COVID-19	1.0	VLWAHGFEL	SARS-CoV-2	0.91	2e-05	245	125	51.02040816326531	0.004081632653061225
TRBV5-4	CASSLGYEQYF	TRBJ2-7	INCOV132-AC	COVID-19	1.0	FLNGSCGSV	SARS-CoV-2	0.95	2.9999999999999997e-05	248	163	65.7258064516129	0.004032258064516129
TRBV5-6	CASSASYEQYF	TRBJ2-7	Healthy_3126BW	normal	41.0	FLNGSCGSV	SARS-CoV-2	1.0	0.0	377	118	31.29973474801061	0.10875331564986737
TRBV5-6	CASSFSYEQYF	TRBJ2-7	INCOV127-BL	COVID-19	1.0	FLNGSCGSV	SARS-CoV-2	0.97	2e-05	121	93	76.85950413223141	0.008264462809917356
TRBV5-6	CASSLGNEQFF	TRBJ2-1	INCOV081-BL	COVID-19	1.0	YLNTLTLAV	SARS-CoV-2	0.93	0.0	222	196	88.28828828828829	0.0045045045045045045
TRBV5-6	CASSLGYEQYF	TRBJ2-7	INCOV132-BL	COVID-19	1.0	FLNGSCGSV	SARS-CoV-2	0.96	2.9999999999999997e-05	72	51	70.83333333333333	0.013888888888888888
TRBV5-6	CASSLTDTQYF	TRBJ2-3	INCOV025-BL	COVID-19	1.0	YLNTLTLAV	SARS-CoV-2	0.96	0.0	1815	315	17.355371900826448	0.0005509641873278236
TRBV6-5	CASSYGGYEQYF	TRBJ2-7	INCOV026-BL	COVID-19	1.0	FLNGSCGSV	SARS-CoV-2	0.96	2.9999999999999997e-05	121	98	80.99173553719008	0.008264462809917356
TRBV7-9	CASSSDIEAFF	TRBJ1-1	INCOV026-BL	COVID-19	1.0	YLQPRTFLL	SARS-CoV-2	0.99	7e-05	121	98	80.99173553719008	0.008264462809917356
TRBV7-2	CASSLLAGGTDTQYF	TRBJ2-3	INCOV051-AC	COVID-19	1.0	FLNGSCGSV	SARS-CoV-2	0.94	5e-05	231	132	57.142857142857146	0.004329004329004329
TRBV9	CASSVGGEQYF	TRBJ2-7	INCOV051-AC	COVID-19	1.0	RQLLFVVEV	SARS-CoV-2	1.0	0.0	231	132	57.142857142857146	0.004329004329004329
TRBV7-3	CASSFSGASTDTQYF	TRBJ2-3	INCOV063-AC	COVID-19	1.0	FLNGSCGSV	SARS-CoV-2	0.97	2e-05	466	167	35.836909871244636	0.002145922746781116
TRBV7-8	CASSLGYEQYF	TRBJ2-7	INCOV079-BL	COVID-19	1.0	KAYNVTQAF	SARS-CoV-2	0.95	0.0	64	59	92.1875	0.015625
TRBV7-8	CASSLGYEQYF	TRBJ2-7	INCOV079-BL	COVID-19	1.0	FLNGSCGSV	SARS-CoV-2	0.92	5e-05	64	59	92.1875	0.015625
TRBV7-9	CASSLGGSEQYF	TRBJ2-7	INCOV032-AC	COVID-19	1.0	VLWAHGFEL	SARS-CoV-2	0.96	0.0	131	41	31.297709923664122	0.007633587786259542
TRBV7-9	CASSLGQGVSEQYF	TRBJ2-7	INCOV094-BL	COVID-19	1.0	KTSVDCTMYI	SARS-CoV-2	0.93	0.0	116	115	99.13793103448276	0.008620689655172414
TRBV7-9	CASSPDSSYEQYF	TRBJ2-7	INCOV123-AC	COVID-19	2.0	EILDITPCSF	SARS-CoV-2	0.92	0.0	263	166	63.11787072243346	0.0076045627376425855
TRBV7-9	CASSSDIEAFF	TRBJ1-1	INCOV048-BL	COVID-19	1.0	YLQPRTFLL	SARS-CoV-2	0.99	7e-05	113	63	55.75221238938053	0.008849557522123894
TRBV7-9	CASSSGTSGSSDTQYF	TRBJ2-3	INCOV063-BL	COVID-19	1.0	KTSVDCTMYI	SARS-CoV-2	0.94	0.0	312	134	42.94871794871795	0.003205128205128205
TRBV9	CASSATYEQYF	TRBJ2-7	INCOV083-BL	COVID-19	1.0	FLNGSCGSV	SARS-CoV-2	0.96	2.9999999999999997e-05	962	614	63.82536382536382	0.0010395010395010396
TRBV9	CASSLYSYEQYF	TRBJ2-7	INCOV083-BL	COVID-19	1.0	FLNGSCGSV	SARS-CoV-2	0.92	5e-05	962	614	63.82536382536382	0.0010395010395010396
TRBV9	CASSTTDTQYF	TRBJ2-3	INCOV082-AC	COVID-19	1.0	RQLLFVVEV	SARS-CoV-2	0.97	2e-05	125	103	82.4	0.008
TRBV9	CASSVENTGELFF	TRBJ2-2	INCOV027-BL	COVID-19	1.0	YLQPRTFLL	SARS-CoV-2	0.99	7e-05	339	304	89.6755162241888	0.0029498525073746312
TRBV9	CASSVGDEQYF	TRBJ2-7	INCOV069-BL	COVID-19	1.0	RQLLFVVEV	SARS-CoV-2	1.0	0.0	1201	175	14.571190674437968	0.0008326394671107411
TRBV9	CASSVGGEQYF	TRBJ2-7	INCOV051-BL	COVID-19	2.0	RQLLFVVEV	SARS-CoV-2	1.0	0.0	200	131	65.5	0.01
TRBV9	CASSVGGGYNEQFF	TRBJ2-1	INCOV135-AC	COVID-19	1.0	VLWAHGFEL	SARS-CoV-2	0.92	2e-05	175	128	73.14285714285714	0.005714285714285714
TRBV9	CASSVGQGTYEQYF	TRBJ2-7	INCOV135-BL	COVID-19	1.0	NLNESLIDL	SARS-CoV-2	1.0	0.0	98	71	72.44897959183673	0.01020408163265306
			Healthy_1053BW							118	112	94.91525423728814	
			Healthy_3577BW							221	45	20.361990950226243	
			Healthy_7541BW							386	244	63.21243523316062	
			Healthy_BP0219101							152	142	93.42105263157895	
			Healthy_BP08191115							211	208	98.5781990521327	
			Healthy_Mix_donor1							379	373	98.41688654353563	
			INCOV001-AC							136	121	88.97058823529412	
			INCOV001-BL							273	236	86.44688644688645	
			INCOV003-AC							100	89	89.0	
			INCOV003-BL							63	57	90.47619047619048	
			INCOV004-AC							901	324	35.96004439511654	
			INCOV005-BL							53	40	75.47169811320755	
			INCOV007-AC							53	50	94.33962264150944	
			INCOV007-BL							224	191	85.26785714285714	
			INCOV008-BL							61	33	54.09836065573771	
			INCOV009-AC							312	139	44.55128205128205	
			INCOV009-BL							260	121	46.53846153846154	
			INCOV010-AC							339	209	61.65191740412979	
			INCOV011-AC							48	41	85.41666666666667	
			INCOV011-BL							61	52	85.24590163934427	
			INCOV013-AC							16	13	81.25	
			INCOV013-BL							75	71	94.66666666666667	
			INCOV015-AC							336	189	56.25	
			INCOV015-BL							128	61	47.65625	
			INCOV016-AC							382	230	60.20942408376963	
			INCOV017-AC							351	171	48.717948717948715	
			INCOV017-BL							525	214	40.76190476190476	
			INCOV018-AC							41	33	80.48780487804878	
			INCOV018-BL							33	25	75.75757575757575	
			INCOV019-AC							264	221	83.71212121212122	
			INCOV020-BL							87	41	47.12643678160919	
			INCOV022-AC							247	203	82.18623481781377	
			INCOV022-BL							54	42	77.77777777777777	
			INCOV023-AC							329	224	68.08510638297872	
			INCOV024-AC							145	113	77.93103448275862	
			INCOV025-AC							1056	262	24.810606060606062	
			INCOV026-AC							115	105	91.30434782608695	
			INCOV027-AC							292	186	63.6986301369863	
			INCOV028-AC							133	80	60.150375939849624	
			INCOV029-AC							215	134	62.325581395348834	
			INCOV029-BL							168	104	61.904761904761905	
			INCOV030-BL							47	46	97.87234042553192	
			INCOV031-AC							205	153	74.63414634146342	
			INCOV031-BL							229	190	82.96943231441048	
			INCOV032-BL							75	25	33.333333333333336	
			INCOV033-AC							473	155	32.76955602536998	
			INCOV033-BL							124	43	34.67741935483871	
			INCOV035-AC							68	61	89.70588235294117	
			INCOV036-AC							130	122	93.84615384615384	
			INCOV036-BL							117	116	99.14529914529915	
			INCOV040-AC							457	83	18.161925601750546	
			INCOV040-BL							157	34	21.656050955414013	
			INCOV041-AC							59	55	93.22033898305085	
			INCOV041-BL							284	220	77.46478873239437	
			INCOV042-BL							166	146	87.95180722891567	
			INCOV043-AC							288	105	36.458333333333336	
			INCOV043-BL							148	64	43.24324324324324	
			INCOV044-AC							103	73	70.87378640776699	
			INCOV044-BL							33	24	72.72727272727273	
			INCOV045-AC							240	206	85.83333333333333	
			INCOV047-BL							17	15	88.23529411764706	
			INCOV049-AC							171	102	59.64912280701754	
			INCOV049-BL							278	107	38.489208633093526	
			INCOV050-AC							340	103	30.294117647058822	
			INCOV050-BL							171	100	58.47953216374269	
			INCOV052-AC							254	95	37.40157480314961	
			INCOV052-BL							172	83	48.25581395348837	
			INCOV053-BL							88	54	61.36363636363637	
			INCOV055-BL							75	59	78.66666666666667	
			INCOV056-AC							164	146	89.02439024390245	
			INCOV057-BL							215	181	84.18604651162791	
			INCOV058-AC							614	109	17.752442996742673	
			INCOV058-BL							682	81	11.87683284457478	
			INCOV059-AC							351	137	39.03133903133903	
			INCOV059-BL							378	166	43.91534391534392	
			INCOV061-AC							485	272	56.08247422680412	
			INCOV061-BL							131	80	61.06870229007634	
			INCOV062-AC							411	139	33.819951338199516	
			INCOV062-BL							332	101	30.42168674698795	
			INCOV067-AC							279	207	74.19354838709677	
			INCOV068-AC							81	68	83.95061728395062	
			INCOV068-BL							76	70	92.10526315789474	
			INCOV069-AC							1050	192	18.285714285714285	
			INCOV070-AC							720	145	20.13888888888889	
			INCOV070-BL							111	53	47.747747747747745	
			INCOV071-AC							144	118	81.94444444444444	
			INCOV071-BL							368	209	56.79347826086956	
			INCOV073-AC							82	61	74.39024390243902	
			INCOV073-BL							61	52	85.24590163934427	
			INCOV074-AC							56	43	76.78571428571429	
			INCOV074-BL							136	122	89.70588235294117	
			INCOV075-AC							105	91	86.66666666666667	
			INCOV076-AC							325	225	69.23076923076923	
			INCOV076-BL							229	145	63.31877729257642	
			INCOV078-BL							224	151	67.41071428571429	
			INCOV080-AC							102	61	59.80392156862745	
			INCOV080-BL							69	48	69.56521739130434	
			INCOV081-AC							245	163	66.53061224489795	
			INCOV082-BL							2073	231	11.143270622286542	
			INCOV086-AC							232	102	43.96551724137931	
			INCOV086-BL							97	45	46.391752577319586	
			INCOV087-AC							296	118	39.86486486486486	
			INCOV087-BL							172	98	56.97674418604651	
			INCOV088-AC							116	113	97.41379310344827	
			INCOV091-AC							56	40	71.42857142857143	
			INCOV091-BL							177	119	67.2316384180791	
			INCOV092-AC							168	45	26.785714285714285	
			INCOV092-BL							208	66	31.73076923076923	
			INCOV093-BL							219	101	46.118721461187214	
			INCOV094-AC							86	85	98.83720930232558	
			INCOV096-BL							25	19	76.0	
			INCOV097-AC							116	115	99.13793103448276	
			INCOV097-BL							78	76	97.43589743589743	
			INCOV098-AC							37	35	94.5945945945946	
			INCOV098-BL							52	45	86.53846153846153	
			INCOV100-AC							176	109	61.93181818181818	
			INCOV100-BL							171	122	71.34502923976608	
			INCOV101-AC							72	70	97.22222222222223	
			INCOV101-BL							314	300	95.54140127388536	
			INCOV102-AC							74	61	82.43243243243244	
			INCOV102-BL							170	138	81.17647058823529	
			INCOV103-AC							129	107	82.94573643410853	
			INCOV103-BL							102	87	85.29411764705883	
			INCOV104-AC							339	241	71.09144542772862	
			INCOV105-AC							165	149	90.3030303030303	
			INCOV105-BL							71	63	88.73239436619718	
			INCOV106-AC							118	98	83.05084745762711	
			INCOV106-BL							148	120	81.08108108108108	
			INCOV107-AC							34	33	97.05882352941177	
			INCOV107-BL							76	73	96.05263157894737	
			INCOV108-AC							174	143	82.183908045977	
			INCOV108-BL							93	74	79.56989247311827	
			INCOV109-AC							42	42	100.0	
			INCOV109-BL							47	40	85.1063829787234	
			INCOV110-AC							174	111	63.793103448275865	
			INCOV110-BL							244	163	66.80327868852459	
			INCOV111-AC							267	134	50.18726591760299	
			INCOV111-BL							382	156	40.83769633507853	
			INCOV112-AC							259	236	91.11969111969113	
			INCOV112-BL							220	207	94.0909090909091	
			INCOV113-AC							203	191	94.08866995073892	
			INCOV113-BL							195	186	95.38461538461539	
			INCOV114-AC							150	132	88.0	
			INCOV114-BL							121	112	92.56198347107438	
			INCOV115-BL							158	132	83.54430379746836	
			INCOV116-AC							166	147	88.55421686746988	
			INCOV116-BL							357	324	90.75630252100841	
			INCOV117-AC							295	146	49.49152542372882	
			INCOV117-BL							155	74	47.74193548387097	
			INCOV119-AC							345	149	43.18840579710145	
			INCOV120-BL							412	273	66.2621359223301	
			INCOV121-AC							72	64	88.88888888888889	
			INCOV121-BL							69	62	89.85507246376811	
			INCOV122-BL							265	231	87.16981132075472	
			INCOV123-BL							307	194	63.192182410423456	
			INCOV124-AC							321	113	35.202492211838006	
			INCOV124-BL							172	78	45.348837209302324	
			INCOV125-BL							234	183	78.2051282051282	
			INCOV126-AC							483	270	55.900621118012424	
			INCOV127-AC							193	143	74.09326424870466	
			INCOV128-BL							204	105	51.470588235294116	
			INCOV129-AC							332	158	47.59036144578313	
			INCOV129-BL							140	62	44.285714285714285	
			INCOV130-AC							97	77	79.38144329896907	
			INCOV130-BL							44	43	97.72727272727273	
			INCOV131-AC							452	294	65.04424778761062	
			INCOV131-BL							206	133	64.5631067961165	
			INCOV133-AC							77	30	38.96103896103896	
			INCOV133-BL							26	18	69.23076923076923	
			INCOV134-AC							153	124	81.04575163398692	
			INCOV136-BL							125	100	80.0	
			INCOV137-AC							221	149	67.42081447963801	
			INCOV137-BL							174	125	71.83908045977012	
			INCOV141-BL							198	181	91.41414141414141	
			INCOV142-AC							35	32	91.42857142857143	
			INCOV142-BL							31	30	96.7741935483871	
			INCOV144-BL							95	77	81.05263157894737	
			INCOV145-AC							3	3	100.0	
			INCOV145-BL							78	36	46.15384615384615	
			INCOV147-AC							234	74	31.623931623931625	
			INCOV147-BL							112	47	41.964285714285715	
