patient_id	Disease	total_count	unique_TCRs	%unique_TCRs	N_SARS-CoV-2_Eps	N_SARS-CoV-2_only_Eps	N_CoV_Eps	N_SARS-CoV-2_TCRs	Frac_SARS-CoV-2_TCRs	N_SARS-CoV-2_only_TCRs	Frac_SARS-CoV-2_only_TCRs	N_CoV_TCRs	Frac_CoV_TCRs	all_SARS-CoV-2_epitopes	TP	response_redundancy	SC2-unique_response_redundancy	CoV-common_response_redundancy	repertoire_breadth	SC2-unique_repertoire_breadth	CoV-common_repertoire_breadth
Healthy_1053BW	healthy	118.0	112.0	94.91525423728814	8	2	6	15	0.13559322033898308	3	0.025423728813559324	12	0.11016949152542374	['EILDITPCSF', 'FLNGSCGSV', 'HLVDFQVTI', 'HTTDPSFLGRY', 'NLNESLIDL', 'RQLLFVVEV', 'TPINLVRDL', 'VLWAHGFEL']	1	1.875	1.5	2.0	0.13392857142857142	0.026785714285714284	0.10714285714285714
Healthy_1193BW	healthy	1215.0	1078.0	88.72427983539093	14	5	9	80	0.07160493827160495	24	0.021399176954732507	56	0.05020576131687244	['EILDITPCSF', 'FLNGSCGSV', 'FPPTSFGPL', 'HLVDFQVTI', 'HTTDPSFLGRY', 'KPLEFGATSAAL', 'KTSVDCTMYI', 'NLNESLIDL', 'RQLLFVVEV', 'TPINLVRDL', 'VLWAHGFEL', 'WICLLQFAY', 'YLNTLTLAV', 'YLQPRTFLL']	1	5.714285714285714	4.8	6.222222222222222	0.07421150278293136	0.022263450834879406	0.05194805194805195
Healthy_2773BW	healthy	207.0	164.0	79.2270531400966	8	3	5	13	0.06280193236714976	5	0.024154589371980676	8	0.03864734299516908	['FLNGSCGSV', 'FPPTSFGPL', 'HTTDPSFLGRY', 'MPASWVMRI', 'TPINLVRDL', 'VLWAHGFEL', 'WICLLQFAY', 'YLQPRTFLL']	1	1.625	1.6666666666666667	1.6	0.07926829268292683	0.03048780487804878	0.04878048780487805
Healthy_2982BW	healthy	521.0	461.0	88.48368522072937	10	4	7	34	0.072936660268714	11	0.024952015355086364	23	0.04798464491362762	['EILDITPCSF', 'FLNGSCGSV', 'FLPRVFSAV', 'HLVDFQVTI', 'HTTDPSFLGRY', 'RQLLFVVEV', 'TPINLVRDL', 'VLWAHGFEL', 'WICLLQFAY', 'YLNTLTLAV']	1	3.4	2.75	3.2857142857142856	0.0737527114967462	0.02386117136659436	0.049891540130151846
Healthy_3126BW	healthy	377.0	118.0	31.29973474801061	7	2	5	12	0.2042440318302387	2	0.007957559681697613	10	0.19628647214854109	['EILDITPCSF', 'FLNGSCGSV', 'FPPTSFGPL', 'HLVDFQVTI', 'HTTDPSFLGRY', 'KTSVDCTMYI', 'VLWAHGFEL']	1	1.7142857142857142	1.0	2.0	0.1016949152542373	0.01694915254237288	0.0847457627118644
Healthy_3283BW	healthy	110.0	106.0	96.36363636363636	3	0	3	4	0.045454545454545456	0	0.0	4	0.045454545454545456	['FPPTSFGPL', 'HLVDFQVTI', 'YLNTLTLAV']	1	1.3333333333333333	0.0	1.3333333333333333	0.03773584905660377	0.0	0.03773584905660377
Healthy_3577BW	healthy	221.0	45.0	20.361990950226247	1	0	1	1	0.004524886877828055	0	0.0	1	0.004524886877828055	['HLVDFQVTI']	1	1.0	0.0	1.0	0.022222222222222223	0.0	0.022222222222222223
Healthy_5046BW	healthy	523.0	376.0	71.89292543021033	11	4	7	35	0.07074569789674952	10	0.021032504780114723	25	0.0497131931166348	['EILDITPCSF', 'FLNGSCGSV', 'FPPTSFGPL', 'HLVDFQVTI', 'HTTDPSFLGRY', 'NLNESLIDL', 'RQLLFVVEV', 'VLWAHGFEL', 'WICLLQFAY', 'YLNTLTLAV', 'YLQPRTFLL']	1	3.1818181818181817	2.5	3.5714285714285716	0.09308510638297872	0.026595744680851064	0.06648936170212766
Healthy_6130BW	healthy	746.0	436.0	58.44504021447722	9	3	6	26	0.034852546916890076	7	0.009383378016085788	19	0.02546916890080429	['EILDITPCSF', 'FLNGSCGSV', 'FPPTSFGPL', 'HTTDPSFLGRY', 'NLNESLIDL', 'RQLLFVVEV', 'VLWAHGFEL', 'WICLLQFAY', 'YLNTLTLAV']	1	2.888888888888889	2.3333333333333335	3.1666666666666665	0.05963302752293578	0.016055045871559634	0.04357798165137615
Healthy_7541BW	healthy	386.0	244.0	63.21243523316062	8	2	6	15	0.04404145077720208	6	0.02072538860103627	9	0.023316062176165803	['EILDITPCSF', 'FLNGSCGSV', 'FPPTSFGPL', 'FVDGVPFVV', 'HLVDFQVTI', 'HTTDPSFLGRY', 'TPINLVRDL', 'YLNTLTLAV']	1	1.875	3.0	1.5	0.06147540983606557	0.02459016393442623	0.036885245901639344
Healthy_BP0219101	healthy	152.0	142.0	93.42105263157896	6	3	3	11	0.07236842105263158	4	0.02631578947368421	7	0.046052631578947366	['EILDITPCSF', 'FLNGSCGSV', 'HTTDPSFLGRY', 'NLNESLIDL', 'TPINLVRDL', 'WICLLQFAY']	1	1.8333333333333333	1.3333333333333333	2.3333333333333335	0.07746478873239436	0.028169014084507043	0.04929577464788732
Healthy_BP0319250	healthy	211.0	142.0	67.29857819905213	5	2	3	8	0.04265402843601897	3	0.01421800947867299	5	0.028436018957345977	['EILDITPCSF', 'FLNGSCGSV', 'HLVDFQVTI', 'HTTDPSFLGRY', 'RQLLFVVEV']	1	1.6	1.5	1.6666666666666667	0.056338028169014086	0.02112676056338028	0.035211267605633804
Healthy_BP05191345	healthy	304.0	270.0	88.81578947368419	9	2	7	27	0.10526315789473682	8	0.03618421052631579	19	0.06907894736842105	['EILDITPCSF', 'FLNGSCGSV', 'FPPTSFGPL', 'HLVDFQVTI', 'HTTDPSFLGRY', 'RQLLFVVEV', 'TPINLVRDL', 'VLWAHGFEL', 'YLNTLTLAV']	1	3.0	4.0	2.7142857142857144	0.1	0.02962962962962963	0.07037037037037037
Healthy_BP08191115	healthy	211.0	208.0	98.5781990521327	8	3	5	19	0.09004739336492895	6	0.028436018957345977	13	0.06161137440758295	['EILDITPCSF', 'FLNGSCGSV', 'FPPTSFGPL', 'HLVDFQVTI', 'HTTDPSFLGRY', 'RQLLFVVEV', 'VLWAHGFEL', 'YLQPRTFLL']	1	2.375	2.0	2.6	0.09134615384615384	0.028846153846153848	0.0625
Healthy_CL2	healthy	466.0	373.0	80.04291845493563	9	3	6	31	0.09656652360515024	9	0.04721030042918455	22	0.04935622317596568	['EILDITPCSF', 'FLNGSCGSV', 'HLVDFQVTI', 'HTTDPSFLGRY', 'NLNESLIDL', 'RQLLFVVEV', 'TPINLVRDL', 'VLWAHGFEL', 'YLNTLTLAV']	1	3.4444444444444446	3.0	3.6666666666666665	0.08310991957104558	0.024128686327077747	0.058981233243967826
Healthy_Mix_donor1	healthy	379.0	373.0	98.41688654353564	8	2	6	32	0.08443271767810025	9	0.023746701846965694	23	0.060686015831134574	['EILDITPCSF', 'FLNGSCGSV', 'HLVDFQVTI', 'HTTDPSFLGRY', 'NLNESLIDL', 'RQLLFVVEV', 'VLWAHGFEL', 'YLNTLTLAV']	1	4.0	4.5	3.8333333333333335	0.08579088471849866	0.024128686327077747	0.06166219839142091
INCOV001	COVID-19	136.0	121.0	88.97058823529413	4	2	2	7	0.051470588235294115	3	0.022058823529411763	4	0.02941176470588235	['EILDITPCSF', 'FPPTSFGPL', 'HTTDPSFLGRY', 'YLNTLTLAV']	2	1.75	1.5	2.0	0.05785123966942149	0.024793388429752067	0.03305785123966942
INCOV001	COVID-19	273.0	236.0	86.44688644688644	8	3	5	19	0.09890109890109891	8	0.058608058608058615	11	0.040293040293040296	['EILDITPCSF', 'FLNGSCGSV', 'FVDGVPFVV', 'HLVDFQVTI', 'HTTDPSFLGRY', 'RQLLFVVEV', 'VLWAHGFEL', 'YLQPRTFLL']	1	2.375	2.6666666666666665	2.2	0.08050847457627118	0.03389830508474576	0.046610169491525424
INCOV002	COVID-19	1082.0	721.0	66.6358595194085	13	4	9	87	0.17097966728280967	48	0.05360443622920517	39	0.11737523105360441	['EILDITPCSF', 'FLNGSCGSV', 'FPPTSFGPL', 'HLVDFQVTI', 'HTTDPSFLGRY', 'KTSVDCTMYI', 'NLNESLIDL', 'RQLLFVVEV', 'TPINLVRDL', 'VLWAHGFEL', 'WICLLQFAY', 'YLNTLTLAV', 'YLQPRTFLL']	2	6.6923076923076925	12.0	4.333333333333333	0.12066574202496533	0.06657420249653259	0.05409153952843273
INCOV002	COVID-19	919.0	761.0	82.80739934711644	12	3	9	55	0.1099020674646355	15	0.0250272034820457	40	0.08487486398258978	['EILDITPCSF', 'FLNGSCGSV', 'FPPTSFGPL', 'HLVDFQVTI', 'HTTDPSFLGRY', 'KTSVDCTMYI', 'NLNESLIDL', 'RQLLFVVEV', 'TPINLVRDL', 'VLWAHGFEL', 'YLNTLTLAV', 'YLQPRTFLL']	1	4.583333333333333	5.0	4.444444444444445	0.07227332457293036	0.01971090670170828	0.052562417871222074
INCOV003	COVID-19	100.0	89.0	89.0	5	2	3	9	0.09	5	0.05	4	0.04	['EILDITPCSF', 'FLNGSCGSV', 'HLVDFQVTI', 'HTTDPSFLGRY', 'VLWAHGFEL']	2	1.8	2.5	1.3333333333333333	0.10112359550561797	0.056179775280898875	0.0449438202247191
INCOV003	COVID-19	63.0	57.0	90.4761904761905	4	2	2	5	0.07936507936507936	3	0.047619047619047616	2	0.031746031746031744	['EILDITPCSF', 'HLVDFQVTI', 'HTTDPSFLGRY', 'VLWAHGFEL']	1	1.25	1.5	1.0	0.08771929824561403	0.05263157894736842	0.03508771929824561
INCOV004	COVID-19	901.0	324.0	35.96004439511654	9	3	6	16	0.07214206437291897	7	0.04994450610432852	9	0.02219755826859045	['EILDITPCSF', 'FLNGSCGSV', 'HLVDFQVTI', 'HTTDPSFLGRY', 'NLNESLIDL', 'RQLLFVVEV', 'VLWAHGFEL', 'YLNTLTLAV', 'YLQPRTFLL']	2	1.7777777777777777	2.3333333333333335	1.5	0.04938271604938271	0.021604938271604937	0.027777777777777776
INCOV004	COVID-19	768.0	285.0	37.109375	8	4	4	19	0.06119791666666668	8	0.032552083333333336	11	0.02864583333333333	['EILDITPCSF', 'FLNGSCGSV', 'HLVDFQVTI', 'HTTDPSFLGRY', 'RQLLFVVEV', 'TPINLVRDL', 'YLNTLTLAV', 'YLQPRTFLL']	1	2.375	2.0	2.75	0.06666666666666667	0.028070175438596492	0.03859649122807018
INCOV005	COVID-19	117.0	86.0	73.5042735042735	6	2	4	6	0.059829059829059825	2	0.017094017094017096	4	0.042735042735042736	['EILDITPCSF', 'FLNGSCGSV', 'RQLLFVVEV', 'VLWAHGFEL', 'YLNTLTLAV', 'YLQPRTFLL']	2	1.0	1.0	1.0	0.06976744186046512	0.023255813953488372	0.046511627906976744
INCOV005	COVID-19	53.0	40.0	75.47169811320755	2	0	2	2	0.03773584905660377	0	0.0	2	0.03773584905660377	['FLNGSCGSV', 'YLNTLTLAV']	1	1.0	0.0	1.0	0.05	0.0	0.05
INCOV006	COVID-19	610.0	373.0	61.14754098360656	9	3	6	34	0.08360655737704917	7	0.011475409836065575	27	0.07213114754098358	['EILDITPCSF', 'FLNGSCGSV', 'HLVDFQVTI', 'HTTDPSFLGRY', 'NLNESLIDL', 'RQLLFVVEV', 'VLWAHGFEL', 'WICLLQFAY', 'YLNTLTLAV']	2	3.7777777777777777	2.3333333333333335	4.5	0.09115281501340483	0.01876675603217158	0.07238605898123325
INCOV006	COVID-19	146.0	82.0	56.164383561643845	5	1	4	6	0.07534246575342465	1	0.00684931506849315	5	0.0684931506849315	['FLNGSCGSV', 'FPPTSFGPL', 'HLVDFQVTI', 'VLWAHGFEL', 'WICLLQFAY']	1	1.2	1.0	1.25	0.07317073170731707	0.012195121951219513	0.06097560975609756
INCOV007	COVID-19	53.0	50.0	94.33962264150944	1	0	1	2	0.03773584905660377	0	0.0	2	0.03773584905660377	['YLNTLTLAV']	2	2.0	0.0	2.0	0.04	0.0	0.04
INCOV007	COVID-19	224.0	191.0	85.26785714285714	6	2	4	12	0.058035714285714274	2	0.013392857142857142	10	0.04464285714285714	['EILDITPCSF', 'FLNGSCGSV', 'FVDGVPFVV', 'HLVDFQVTI', 'HTTDPSFLGRY', 'VLWAHGFEL']	1	2.0	1.0	2.5	0.06282722513089005	0.010471204188481676	0.05235602094240838
INCOV008	COVID-19	61.0	33.0	54.098360655737714	2	1	1	2	0.032786885245901634	1	0.016393442622950817	1	0.016393442622950817	['HTTDPSFLGRY', 'VLWAHGFEL']	1	1.0	1.0	1.0	0.06060606060606061	0.030303030303030304	0.030303030303030304
INCOV009	COVID-19	312.0	139.0	44.551282051282044	8	2	6	13	0.06410256410256411	3	0.009615384615384616	10	0.05448717948717949	['EILDITPCSF', 'FLNGSCGSV', 'FPPTSFGPL', 'HLVDFQVTI', 'RQLLFVVEV', 'VLWAHGFEL', 'WICLLQFAY', 'YLNTLTLAV']	2	1.625	1.5	1.6666666666666667	0.09352517985611511	0.02158273381294964	0.07194244604316546
INCOV009	COVID-19	260.0	121.0	46.53846153846154	6	2	4	13	0.08846153846153847	3	0.01153846153846154	10	0.07692307692307693	['EILDITPCSF', 'FLNGSCGSV', 'HLVDFQVTI', 'HTTDPSFLGRY', 'RQLLFVVEV', 'VLWAHGFEL']	1	2.1666666666666665	1.5	2.5	0.10743801652892562	0.024793388429752067	0.08264462809917356
INCOV010	COVID-19	339.0	209.0	61.65191740412979	12	3	9	23	0.10324483775811209	6	0.032448377581120944	17	0.07079646017699115	['EILDITPCSF', 'FLNGSCGSV', 'FPPTSFGPL', 'FVDGVPFVV', 'HLVDFQVTI', 'HTTDPSFLGRY', 'NLNESLIDL', 'RQLLFVVEV', 'TPINLVRDL', 'VLWAHGFEL', 'WICLLQFAY', 'YLNTLTLAV']	2	1.9166666666666667	2.0	1.8888888888888888	0.11004784688995216	0.028708133971291867	0.08133971291866028
INCOV010	COVID-19	772.0	480.0	62.176165803108816	10	2	8	38	0.08937823834196894	8	0.022020725388601035	30	0.06735751295336789	['EILDITPCSF', 'FLNGSCGSV', 'FPPTSFGPL', 'HLVDFQVTI', 'HTTDPSFLGRY', 'NLNESLIDL', 'RQLLFVVEV', 'TPINLVRDL', 'VLWAHGFEL', 'YLNTLTLAV']	1	3.8	4.0	3.75	0.07916666666666666	0.016666666666666666	0.0625
INCOV011	COVID-19	48.0	41.0	85.41666666666667	4	1	3	7	0.16666666666666663	3	0.08333333333333331	4	0.08333333333333331	['HLVDFQVTI', 'HTTDPSFLGRY', 'RQLLFVVEV', 'VLWAHGFEL']	2	1.75	3.0	1.3333333333333333	0.17073170731707318	0.07317073170731707	0.0975609756097561
INCOV011	COVID-19	61.0	52.0	85.24590163934427	4	2	2	6	0.16393442622950816	3	0.11475409836065573	3	0.04918032786885245	['EILDITPCSF', 'FPPTSFGPL', 'HTTDPSFLGRY', 'NLNESLIDL']	1	1.5	1.5	1.5	0.11538461538461539	0.057692307692307696	0.057692307692307696
INCOV012	COVID-19	212.0	70.0	33.0188679245283	4	2	2	6	0.27358490566037735	3	0.22641509433962265	3	0.04716981132075472	['EILDITPCSF', 'FLNGSCGSV', 'HTTDPSFLGRY', 'VLWAHGFEL']	2	1.5	1.5	1.5	0.08571428571428572	0.04285714285714286	0.04285714285714286
INCOV012	COVID-19	235.0	87.0	37.02127659574468	6	2	4	13	0.2723404255319149	7	0.2297872340425532	6	0.0425531914893617	['EILDITPCSF', 'FLNGSCGSV', 'HLVDFQVTI', 'HTTDPSFLGRY', 'VLWAHGFEL', 'YLNTLTLAV']	1	2.1666666666666665	3.5	1.5	0.14942528735632185	0.08045977011494253	0.06896551724137931
INCOV013	COVID-19	75.0	71.0	94.66666666666669	2	2	0	3	0.04	3	0.04	0	0.0	['EILDITPCSF', 'HTTDPSFLGRY']	1	1.5	1.5	0.0	0.04225352112676056	0.04225352112676056	0.0
INCOV014	COVID-19	301.0	214.0	71.09634551495017	5	1	4	10	0.04651162790697675	2	0.00664451827242525	8	0.0398671096345515	['FLNGSCGSV', 'HTTDPSFLGRY', 'NLNESLIDL', 'TPINLVRDL', 'VLWAHGFEL']	1	2.0	2.0	2.0	0.04672897196261682	0.009345794392523364	0.037383177570093455
INCOV015	COVID-19	336.0	189.0	56.25	8	2	6	17	0.07738095238095238	5	0.017857142857142856	12	0.05952380952380953	['EILDITPCSF', 'FLNGSCGSV', 'FPPTSFGPL', 'HLVDFQVTI', 'RQLLFVVEV', 'TPINLVRDL', 'VLWAHGFEL', 'YLQPRTFLL']	2	2.125	2.5	2.0	0.08994708994708994	0.026455026455026454	0.06349206349206349
INCOV015	COVID-19	128.0	61.0	47.65625	3	1	2	5	0.0546875	2	0.015625	3	0.0390625	['HTTDPSFLGRY', 'RQLLFVVEV', 'TPINLVRDL']	1	1.6666666666666667	2.0	1.5	0.08196721311475409	0.03278688524590164	0.04918032786885246
INCOV016	COVID-19	382.0	230.0	60.20942408376963	7	2	5	17	0.04712041884816755	5	0.013089005235602094	12	0.03403141361256545	['EILDITPCSF', 'FLNGSCGSV', 'HLVDFQVTI', 'HTTDPSFLGRY', 'RQLLFVVEV', 'TPINLVRDL', 'VLWAHGFEL']	2	2.4285714285714284	2.5	2.4	0.07391304347826087	0.021739130434782608	0.05217391304347826
INCOV016	COVID-19	603.0	293.0	48.59038142620231	10	4	6	23	0.05140961857379767	10	0.01824212271973466	13	0.03316749585406302	['EILDITPCSF', 'FLNGSCGSV', 'FPPTSFGPL', 'HLVDFQVTI', 'HTTDPSFLGRY', 'TPINLVRDL', 'VLWAHGFEL', 'WICLLQFAY', 'YLNTLTLAV', 'YLQPRTFLL']	1	2.3	2.5	2.1666666666666665	0.07849829351535836	0.034129692832764506	0.04436860068259386
INCOV017	COVID-19	351.0	171.0	48.71794871794872	6	2	4	14	0.10826210826210825	7	0.01994301994301994	7	0.0883190883190883	['EILDITPCSF', 'HTTDPSFLGRY', 'RQLLFVVEV', 'TPINLVRDL', 'VLWAHGFEL', 'YLNTLTLAV']	2	2.3333333333333335	3.5	1.75	0.08187134502923976	0.04093567251461988	0.04093567251461988
INCOV017	COVID-19	525.0	214.0	40.76190476190476	10	3	7	26	0.11238095238095239	11	0.03809523809523809	15	0.07428571428571429	['EILDITPCSF', 'FLNGSCGSV', 'FPPTSFGPL', 'HLVDFQVTI', 'HTTDPSFLGRY', 'RQLLFVVEV', 'TPINLVRDL', 'VLWAHGFEL', 'WICLLQFAY', 'YLNTLTLAV']	1	2.6	3.6666666666666665	2.142857142857143	0.12149532710280374	0.0514018691588785	0.07009345794392523
INCOV018	COVID-19	41.0	33.0	80.48780487804878	2	1	1	2	0.04878048780487805	1	0.024390243902439025	1	0.024390243902439025	['FLNGSCGSV', 'HTTDPSFLGRY']	2	1.0	1.0	1.0	0.06060606060606061	0.030303030303030304	0.030303030303030304
INCOV018	COVID-19	33.0	25.0	75.75757575757575	1	0	1	2	0.09090909090909093	0	0.0	2	0.09090909090909093	['FPPTSFGPL']	1	2.0	0.0	2.0	0.08	0.0	0.08
INCOV019	COVID-19	264.0	221.0	83.71212121212122	9	1	8	14	0.05303030303030305	1	0.0037878787878787884	13	0.04924242424242426	['FLNGSCGSV', 'FPPTSFGPL', 'HLVDFQVTI', 'HTTDPSFLGRY', 'KLWAQCVQL', 'NLNESLIDL', 'RQLLFVVEV', 'VLWAHGFEL', 'YLNTLTLAV']	2	1.5555555555555556	1.0	1.625	0.06334841628959276	0.004524886877828055	0.058823529411764705
INCOV019	COVID-19	273.0	246.0	90.10989010989012	10	3	7	20	0.07692307692307693	9	0.03296703296703297	11	0.04395604395604396	['EILDITPCSF', 'FLNGSCGSV', 'FVDGVPFVV', 'HLVDFQVTI', 'HTTDPSFLGRY', 'NLNESLIDL', 'RQLLFVVEV', 'TPINLVRDL', 'VLWAHGFEL', 'WICLLQFAY']	1	2.0	3.0	1.5714285714285714	0.08130081300813008	0.036585365853658534	0.044715447154471545
INCOV020	COVID-19	109.0	60.0	55.045871559633035	3	1	2	6	0.05504587155963303	1	0.009174311926605505	5	0.045871559633027525	['FPPTSFGPL', 'HTTDPSFLGRY', 'TPINLVRDL']	2	2.0	1.0	2.5	0.1	0.016666666666666666	0.08333333333333333
INCOV020	COVID-19	87.0	41.0	47.12643678160919	3	1	2	3	0.034482758620689655	1	0.011494252873563218	2	0.022988505747126436	['EILDITPCSF', 'FLNGSCGSV', 'VLWAHGFEL']	1	1.0	1.0	1.0	0.07317073170731707	0.024390243902439025	0.04878048780487805
INCOV022	COVID-19	247.0	203.0	82.18623481781377	8	3	5	17	0.10931174089068826	4	0.016194331983805668	13	0.09311740890688258	['EILDITPCSF', 'FLNGSCGSV', 'HLVDFQVTI', 'HTTDPSFLGRY', 'RQLLFVVEV', 'VLWAHGFEL', 'YLNTLTLAV', 'YLQPRTFLL']	2	2.125	1.3333333333333333	2.6	0.08374384236453201	0.019704433497536946	0.06403940886699508
INCOV022	COVID-19	54.0	42.0	77.77777777777777	4	0	4	4	0.07407407407407407	0	0.0	4	0.07407407407407407	['FLNGSCGSV', 'FPPTSFGPL', 'RQLLFVVEV', 'VLWAHGFEL']	1	1.0	0.0	1.0	0.09523809523809523	0.0	0.09523809523809523
INCOV023	COVID-19	329.0	224.0	68.08510638297872	7	3	4	14	0.0425531914893617	5	0.015197568389057751	9	0.02735562310030395	['EILDITPCSF', 'FLNGSCGSV', 'HLVDFQVTI', 'HTTDPSFLGRY', 'VLWAHGFEL', 'WICLLQFAY', 'YLNTLTLAV']	2	2.0	1.6666666666666667	2.25	0.0625	0.022321428571428572	0.04017857142857143
INCOV023	COVID-19	254.0	152.0	59.84251968503937	8	2	6	16	0.06299212598425197	3	0.011811023622047244	13	0.051181102362204724	['EILDITPCSF', 'FLNGSCGSV', 'HLVDFQVTI', 'HTTDPSFLGRY', 'NLNESLIDL', 'RQLLFVVEV', 'VLWAHGFEL', 'YLNTLTLAV']	1	2.0	1.5	2.1666666666666665	0.10526315789473684	0.019736842105263157	0.08552631578947369
INCOV024	COVID-19	145.0	113.0	77.93103448275863	7	2	5	8	0.07586206896551724	2	0.013793103448275862	6	0.06206896551724138	['EILDITPCSF', 'FLNGSCGSV', 'FPPTSFGPL', 'HLVDFQVTI', 'HTTDPSFLGRY', 'RQLLFVVEV', 'VLWAHGFEL']	2	1.1428571428571428	1.0	1.2	0.07079646017699115	0.017699115044247787	0.05309734513274336
INCOV024	COVID-19	513.0	309.0	60.23391812865496	9	3	6	21	0.0682261208576998	5	0.03313840155945419	16	0.03508771929824561	['EILDITPCSF', 'FLNGSCGSV', 'FPPTSFGPL', 'FVDGVPFVV', 'HLVDFQVTI', 'HTTDPSFLGRY', 'RQLLFVVEV', 'VLWAHGFEL', 'WICLLQFAY']	1	2.3333333333333335	1.6666666666666667	2.6666666666666665	0.06796116504854369	0.016181229773462782	0.05177993527508091
INCOV025	COVID-19	1056.0	262.0	24.810606060606066	10	3	7	27	0.44034090909090917	5	0.004734848484848486	22	0.4356060606060606	['EILDITPCSF', 'FLNGSCGSV', 'FPPTSFGPL', 'HLVDFQVTI', 'HTTDPSFLGRY', 'RQLLFVVEV', 'TPINLVRDL', 'VLWAHGFEL', 'WICLLQFAY', 'YLNTLTLAV']	2	2.7	1.6666666666666667	3.142857142857143	0.10305343511450382	0.019083969465648856	0.08396946564885496
INCOV025	COVID-19	1815.0	315.0	17.355371900826448	10	4	6	34	0.4606060606060606	7	0.006611570247933883	27	0.4539944903581267	['EILDITPCSF', 'HLVDFQVTI', 'HTTDPSFLGRY', 'NLNESLIDL', 'RQLLFVVEV', 'TPINLVRDL', 'VLWAHGFEL', 'WICLLQFAY', 'YLNTLTLAV', 'YLQPRTFLL']	1	3.4	1.75	4.5	0.10793650793650794	0.022222222222222223	0.08571428571428572
INCOV026	COVID-19	115.0	105.0	91.30434782608695	9	4	5	16	0.14782608695652172	6	0.05217391304347826	10	0.09565217391304348	['EILDITPCSF', 'FLNGSCGSV', 'HLVDFQVTI', 'HTTDPSFLGRY', 'RQLLFVVEV', 'VLWAHGFEL', 'WICLLQFAY', 'YLNTLTLAV', 'YLQPRTFLL']	2	1.7777777777777777	1.5	2.0	0.1523809523809524	0.05714285714285714	0.09523809523809523
INCOV026	COVID-19	121.0	98.0	80.99173553719008	7	2	5	9	0.11570247933884298	3	0.024793388429752067	6	0.09090909090909091	['FLNGSCGSV', 'FPPTSFGPL', 'HLVDFQVTI', 'HTTDPSFLGRY', 'VLWAHGFEL', 'YLNTLTLAV', 'YLQPRTFLL']	1	1.2857142857142858	1.5	1.2	0.09183673469387756	0.030612244897959183	0.061224489795918366
INCOV027	COVID-19	292.0	186.0	63.698630136986296	8	2	6	22	0.07534246575342465	12	0.0410958904109589	10	0.03424657534246575	['EILDITPCSF', 'FLNGSCGSV', 'HLVDFQVTI', 'HTTDPSFLGRY', 'NLNESLIDL', 'RQLLFVVEV', 'TPINLVRDL', 'VLWAHGFEL']	2	2.75	6.0	1.6666666666666667	0.11827956989247312	0.06451612903225806	0.053763440860215055
INCOV027	COVID-19	339.0	304.0	89.67551622418881	11	4	7	28	0.08259587020648966	7	0.020648967551622415	21	0.06194690265486725	['EILDITPCSF', 'FLNGSCGSV', 'FPPTSFGPL', 'HLVDFQVTI', 'HTTDPSFLGRY', 'RQLLFVVEV', 'TPINLVRDL', 'VLWAHGFEL', 'WICLLQFAY', 'YLNTLTLAV', 'YLQPRTFLL']	1	2.5454545454545454	1.75	3.0	0.09210526315789473	0.023026315789473683	0.06907894736842106
INCOV028	COVID-19	133.0	80.0	60.15037593984962	5	2	3	6	0.07518796992481203	2	0.03007518796992481	4	0.045112781954887216	['FLNGSCGSV', 'HLVDFQVTI', 'HTTDPSFLGRY', 'VLWAHGFEL', 'WICLLQFAY']	2	1.2	1.0	1.3333333333333333	0.075	0.025	0.05
INCOV028	COVID-19	166.0	127.0	76.50602409638554	5	3	2	8	0.0783132530120482	5	0.030120481927710843	3	0.048192771084337345	['EILDITPCSF', 'FLNGSCGSV', 'VLWAHGFEL', 'WICLLQFAY', 'YLQPRTFLL']	1	1.6	1.6666666666666667	1.5	0.06299212598425197	0.03937007874015748	0.023622047244094488
INCOV029	COVID-19	215.0	134.0	62.32558139534883	9	2	7	13	0.06976744186046512	3	0.023255813953488372	10	0.046511627906976744	['EILDITPCSF', 'FLNGSCGSV', 'FPPTSFGPL', 'HLVDFQVTI', 'HTTDPSFLGRY', 'NLNESLIDL', 'RQLLFVVEV', 'VLWAHGFEL', 'YLNTLTLAV']	2	1.4444444444444444	1.5	1.4285714285714286	0.09701492537313433	0.022388059701492536	0.07462686567164178
INCOV029	COVID-19	168.0	104.0	61.904761904761905	4	1	3	7	0.047619047619047616	2	0.017857142857142856	5	0.02976190476190476	['FLNGSCGSV', 'FPPTSFGPL', 'HTTDPSFLGRY', 'VLWAHGFEL']	1	1.75	2.0	1.6666666666666667	0.0673076923076923	0.019230769230769232	0.04807692307692308
INCOV030	COVID-19	208.0	171.0	82.21153846153847	8	2	6	16	0.07692307692307693	6	0.028846153846153848	10	0.04807692307692307	['EILDITPCSF', 'FLNGSCGSV', 'FPPTSFGPL', 'FVDGVPFVV', 'HLVDFQVTI', 'RQLLFVVEV', 'VLWAHGFEL', 'YLQPRTFLL']	2	2.0	3.0	1.6666666666666667	0.0935672514619883	0.03508771929824561	0.05847953216374269
INCOV030	COVID-19	47.0	46.0	97.87234042553192	2	0	2	3	0.06382978723404255	0	0.0	3	0.06382978723404255	['FPPTSFGPL', 'VLWAHGFEL']	1	1.5	0.0	1.5	0.06521739130434782	0.0	0.06521739130434782
INCOV031	COVID-19	205.0	153.0	74.63414634146342	4	1	3	8	0.06341463414634146	3	0.01951219512195122	5	0.04390243902439024	['EILDITPCSF', 'FLNGSCGSV', 'TPINLVRDL', 'YLNTLTLAV']	2	2.0	3.0	1.6666666666666667	0.05228758169934641	0.0196078431372549	0.032679738562091505
INCOV031	COVID-19	229.0	190.0	82.96943231441048	7	3	4	10	0.056768558951965066	5	0.026200873362445413	5	0.030567685589519653	['EILDITPCSF', 'FLNGSCGSV', 'HTTDPSFLGRY', 'NLNESLIDL', 'VLWAHGFEL', 'YLNTLTLAV', 'YLQPRTFLL']	1	1.4285714285714286	1.6666666666666667	1.25	0.05263157894736842	0.02631578947368421	0.02631578947368421
INCOV032	COVID-19	131.0	41.0	31.297709923664122	3	2	1	3	0.02290076335877863	2	0.015267175572519085	1	0.0076335877862595426	['EILDITPCSF', 'HTTDPSFLGRY', 'VLWAHGFEL']	2	1.0	1.0	1.0	0.07317073170731707	0.04878048780487805	0.024390243902439025
INCOV032	COVID-19	75.0	25.0	33.333333333333336	2	0	2	2	0.02666666666666667	0	0.0	2	0.02666666666666667	['HLVDFQVTI', 'TPINLVRDL']	1	1.0	0.0	1.0	0.08	0.0	0.08
INCOV033	COVID-19	473.0	155.0	32.76955602536998	4	1	3	10	0.03382663847780128	2	0.00422832980972516	8	0.029598308668076112	['EILDITPCSF', 'FPPTSFGPL', 'NLNESLIDL', 'VLWAHGFEL']	2	2.5	2.0	2.6666666666666665	0.06451612903225806	0.012903225806451613	0.05161290322580645
INCOV033	COVID-19	124.0	43.0	34.67741935483871	2	1	1	2	0.04032258064516129	1	0.03225806451612903	1	0.008064516129032258	['FLNGSCGSV', 'HTTDPSFLGRY']	1	1.0	1.0	1.0	0.046511627906976744	0.023255813953488372	0.023255813953488372
INCOV034	COVID-19	336.0	133.0	39.583333333333336	6	2	4	8	0.05059523809523809	4	0.03571428571428571	4	0.01488095238095238	['EILDITPCSF', 'FLNGSCGSV', 'FPPTSFGPL', 'HLVDFQVTI', 'HTTDPSFLGRY', 'VLWAHGFEL']	2	1.3333333333333333	2.0	1.0	0.06015037593984962	0.03007518796992481	0.03007518796992481
INCOV034	COVID-19	178.0	93.0	52.24719101123596	6	2	4	9	0.07303370786516855	4	0.04494382022471911	5	0.02808988764044944	['EILDITPCSF', 'HLVDFQVTI', 'HTTDPSFLGRY', 'RQLLFVVEV', 'VLWAHGFEL', 'YLNTLTLAV']	1	1.5	2.0	1.25	0.0967741935483871	0.043010752688172046	0.053763440860215055
INCOV035	COVID-19	68.0	61.0	89.70588235294117	3	2	1	3	0.044117647058823525	2	0.02941176470588235	1	0.014705882352941175	['EILDITPCSF', 'FLNGSCGSV', 'YLQPRTFLL']	2	1.0	1.0	1.0	0.04918032786885246	0.03278688524590164	0.01639344262295082
INCOV035	COVID-19	193.0	75.0	38.86010362694301	5	1	4	7	0.036269430051813475	1	0.0051813471502590676	6	0.031088082901554407	['EILDITPCSF', 'FLNGSCGSV', 'NLNESLIDL', 'TPINLVRDL', 'VLWAHGFEL']	1	1.4	1.0	1.5	0.09333333333333334	0.013333333333333334	0.08
INCOV036	COVID-19	130.0	122.0	93.84615384615385	7	3	4	10	0.07692307692307694	5	0.03846153846153847	5	0.03846153846153847	['EILDITPCSF', 'FLNGSCGSV', 'FPPTSFGPL', 'HLVDFQVTI', 'HTTDPSFLGRY', 'VLWAHGFEL', 'WICLLQFAY']	2	1.4285714285714286	1.6666666666666667	1.25	0.08196721311475409	0.040983606557377046	0.040983606557377046
INCOV036	COVID-19	117.0	116.0	99.14529914529915	7	3	4	13	0.1111111111111111	6	0.05128205128205128	7	0.059829059829059825	['EILDITPCSF', 'HLVDFQVTI', 'HTTDPSFLGRY', 'MPASWVMRI', 'RQLLFVVEV', 'TPINLVRDL', 'YLQPRTFLL']	1	1.8571428571428572	2.0	1.75	0.11206896551724138	0.05172413793103448	0.0603448275862069
INCOV039	COVID-19	516.0	377.0	73.06201550387597	9	4	5	31	0.11627906976744187	20	0.0930232558139535	11	0.02325581395348837	['EILDITPCSF', 'FLNGSCGSV', 'HLVDFQVTI', 'HTTDPSFLGRY', 'RQLLFVVEV', 'VLWAHGFEL', 'WICLLQFAY', 'YLNTLTLAV', 'YLQPRTFLL']	2	3.4444444444444446	5.0	2.2	0.08222811671087533	0.05305039787798409	0.029177718832891247
INCOV039	COVID-19	211.0	160.0	75.82938388625594	8	2	6	12	0.056872037914691954	2	0.009478672985781993	10	0.04739336492890996	['EILDITPCSF', 'FPPTSFGPL', 'HLVDFQVTI', 'HTTDPSFLGRY', 'MPASWVMRI', 'TPINLVRDL', 'VLWAHGFEL', 'YLNTLTLAV']	1	1.5	1.0	1.6666666666666667	0.075	0.0125	0.0625
INCOV040	COVID-19	457.0	83.0	18.161925601750546	2	1	1	3	0.006564551422319475	1	0.002188183807439825	2	0.00437636761487965	['EILDITPCSF', 'VLWAHGFEL']	2	1.5	1.0	2.0	0.03614457831325301	0.012048192771084338	0.024096385542168676
INCOV040	COVID-19	157.0	34.0	21.656050955414013	2	1	1	2	0.012738853503184714	1	0.006369426751592357	1	0.006369426751592357	['EILDITPCSF', 'FLNGSCGSV']	1	1.0	1.0	1.0	0.058823529411764705	0.029411764705882353	0.029411764705882353
INCOV041	COVID-19	59.0	55.0	93.22033898305084	4	1	3	4	0.0847457627118644	1	0.03389830508474576	3	0.05084745762711865	['EILDITPCSF', 'HLVDFQVTI', 'NLNESLIDL', 'VLWAHGFEL']	2	1.0	1.0	1.0	0.07272727272727272	0.01818181818181818	0.05454545454545454
INCOV041	COVID-19	284.0	220.0	77.46478873239437	6	2	4	13	0.06690140845070422	6	0.031690140845070415	7	0.0352112676056338	['EILDITPCSF', 'HLVDFQVTI', 'HTTDPSFLGRY', 'TPINLVRDL', 'VLWAHGFEL', 'YLNTLTLAV']	1	2.1666666666666665	3.0	1.75	0.05909090909090909	0.02727272727272727	0.031818181818181815
INCOV042	COVID-19	115.0	91.0	79.1304347826087	6	1	5	8	0.06956521739130435	2	0.017391304347826087	6	0.05217391304347826	['EILDITPCSF', 'FLNGSCGSV', 'HLVDFQVTI', 'ILHCANFNV', 'NLNESLIDL', 'VLWAHGFEL']	2	1.3333333333333333	2.0	1.2	0.08791208791208792	0.02197802197802198	0.06593406593406594
INCOV042	COVID-19	166.0	146.0	87.95180722891567	8	2	6	11	0.07228915662650603	3	0.01807228915662651	8	0.054216867469879526	['EILDITPCSF', 'FLNGSCGSV', 'FPPTSFGPL', 'HLVDFQVTI', 'HTTDPSFLGRY', 'TPINLVRDL', 'VLWAHGFEL', 'YLNTLTLAV']	1	1.375	1.5	1.3333333333333333	0.07534246575342465	0.02054794520547945	0.0547945205479452
INCOV043	COVID-19	288.0	105.0	36.458333333333336	5	1	4	8	0.1875	2	0.006944444444444444	6	0.1805555555555555	['EILDITPCSF', 'FPPTSFGPL', 'HLVDFQVTI', 'RQLLFVVEV', 'VLWAHGFEL']	2	1.6	2.0	1.5	0.0761904761904762	0.01904761904761905	0.05714285714285714
INCOV043	COVID-19	148.0	64.0	43.24324324324325	3	1	2	3	0.15540540540540537	1	0.006756756756756757	2	0.14864864864864863	['FPPTSFGPL', 'HTTDPSFLGRY', 'RQLLFVVEV']	1	1.0	1.0	1.0	0.046875	0.015625	0.03125
INCOV044	COVID-19	103.0	73.0	70.87378640776699	4	0	4	4	0.038834951456310676	0	0.0	4	0.038834951456310676	['FLNGSCGSV', 'NLNESLIDL', 'VLWAHGFEL', 'YLNTLTLAV']	2	1.0	0.0	1.0	0.0547945205479452	0.0	0.0547945205479452
INCOV045	COVID-19	240.0	206.0	85.83333333333333	4	2	2	12	0.05	8	0.03333333333333334	4	0.01666666666666667	['EILDITPCSF', 'HLVDFQVTI', 'HTTDPSFLGRY', 'RQLLFVVEV']	2	3.0	4.0	2.0	0.05825242718446602	0.038834951456310676	0.019417475728155338
INCOV045	COVID-19	281.0	239.0	85.05338078291815	11	3	8	25	0.08896797153024912	10	0.03558718861209965	15	0.05338078291814948	['EILDITPCSF', 'FPPTSFGPL', 'FVDGVPFVV', 'HLVDFQVTI', 'HTTDPSFLGRY', 'NLNESLIDL', 'RQLLFVVEV', 'TPINLVRDL', 'VLWAHGFEL', 'YLNTLTLAV', 'YLQPRTFLL']	1	2.272727272727273	3.3333333333333335	1.875	0.10460251046025104	0.04184100418410042	0.06276150627615062
INCOV047	COVID-19	28.0	28.0	100.0	2	1	1	2	0.07142857142857142	1	0.03571428571428571	1	0.03571428571428571	['VLWAHGFEL', 'YLQPRTFLL']	2	1.0	1.0	1.0	0.07142857142857142	0.03571428571428571	0.03571428571428571
INCOV048	COVID-19	113.0	63.0	55.75221238938053	6	2	4	7	0.061946902654867256	3	0.02654867256637168	4	0.035398230088495575	['EILDITPCSF', 'FLNGSCGSV', 'HLVDFQVTI', 'RQLLFVVEV', 'VLWAHGFEL', 'YLQPRTFLL']	1	1.1666666666666667	1.5	1.0	0.1111111111111111	0.047619047619047616	0.06349206349206349
INCOV049	COVID-19	171.0	102.0	59.649122807017534	7	0	7	8	0.05263157894736842	0	0.0	8	0.05263157894736842	['FLNGSCGSV', 'FPPTSFGPL', 'HLVDFQVTI', 'NLNESLIDL', 'RQLLFVVEV', 'TPINLVRDL', 'VLWAHGFEL']	2	1.1428571428571428	0.0	1.1428571428571428	0.0784313725490196	0.0	0.0784313725490196
INCOV049	COVID-19	278.0	107.0	38.48920863309353	4	1	3	7	0.03597122302158273	1	0.0035971223021582736	6	0.03237410071942446	['EILDITPCSF', 'FLNGSCGSV', 'HLVDFQVTI', 'VLWAHGFEL']	1	1.75	1.0	2.0	0.06542056074766354	0.009345794392523364	0.056074766355140186
INCOV050	COVID-19	340.0	103.0	30.294117647058826	3	1	2	6	0.023529411764705885	2	0.005882352941176471	4	0.017647058823529415	['EILDITPCSF', 'FLNGSCGSV', 'TPINLVRDL']	2	2.0	2.0	2.0	0.05825242718446602	0.019417475728155338	0.038834951456310676
INCOV050	COVID-19	171.0	100.0	58.47953216374268	3	1	2	4	0.023391812865497075	2	0.011695906432748537	2	0.011695906432748537	['EILDITPCSF', 'RQLLFVVEV', 'TPINLVRDL']	1	1.3333333333333333	2.0	1.0	0.04	0.02	0.02
INCOV051	COVID-19	231.0	132.0	57.14285714285714	8	1	7	11	0.047619047619047616	1	0.004329004329004329	10	0.04329004329004329	['FLNGSCGSV', 'FPPTSFGPL', 'HLVDFQVTI', 'HTTDPSFLGRY', 'NLNESLIDL', 'RQLLFVVEV', 'TPINLVRDL', 'VLWAHGFEL']	2	1.375	1.0	1.4285714285714286	0.08333333333333333	0.007575757575757576	0.07575757575757576
INCOV051	COVID-19	200.0	131.0	65.5	5	2	3	10	0.05499999999999999	3	0.015	7	0.039999999999999994	['EILDITPCSF', 'HLVDFQVTI', 'HTTDPSFLGRY', 'RQLLFVVEV', 'VLWAHGFEL']	1	2.0	1.5	2.3333333333333335	0.07633587786259542	0.022900763358778626	0.05343511450381679
INCOV052	COVID-19	254.0	95.0	37.40157480314961	6	0	6	8	0.07874015748031496	0	0.0	8	0.07874015748031496	['FLNGSCGSV', 'FPPTSFGPL', 'HLVDFQVTI', 'RQLLFVVEV', 'VLWAHGFEL', 'YLNTLTLAV']	2	1.3333333333333333	0.0	1.3333333333333333	0.08421052631578947	0.0	0.08421052631578947
INCOV052	COVID-19	172.0	83.0	48.25581395348837	3	0	3	7	0.08139534883720928	0	0.0	7	0.08139534883720928	['FPPTSFGPL', 'RQLLFVVEV', 'YLNTLTLAV']	1	2.3333333333333335	0.0	2.3333333333333335	0.08433734939759036	0.0	0.08433734939759036
INCOV053	COVID-19	189.0	89.0	47.08994708994709	7	3	4	9	0.21693121693121692	3	0.18518518518518517	6	0.031746031746031744	['EILDITPCSF', 'FLNGSCGSV', 'FPPTSFGPL', 'HLVDFQVTI', 'HTTDPSFLGRY', 'VLWAHGFEL', 'YLQPRTFLL']	2	1.2857142857142858	1.0	1.5	0.10112359550561797	0.033707865168539325	0.06741573033707865
INCOV053	COVID-19	88.0	54.0	61.36363636363637	3	2	1	4	0.1477272727272727	3	0.13636363636363635	1	0.011363636363636364	['EILDITPCSF', 'HLVDFQVTI', 'YLQPRTFLL']	1	1.3333333333333333	1.5	1.0	0.07407407407407407	0.05555555555555555	0.018518518518518517
INCOV055	COVID-19	75.0	59.0	78.66666666666667	1	0	1	1	0.04	0	0.0	1	0.04	['VLWAHGFEL']	1	1.0	0.0	1.0	0.01694915254237288	0.0	0.01694915254237288
INCOV056	COVID-19	164.0	146.0	89.02439024390246	6	2	4	10	0.06097560975609756	3	0.01829268292682927	7	0.04268292682926829	['EILDITPCSF', 'FLNGSCGSV', 'HLVDFQVTI', 'HTTDPSFLGRY', 'RQLLFVVEV', 'YLNTLTLAV']	2	1.6666666666666667	1.5	1.75	0.0684931506849315	0.02054794520547945	0.04794520547945205
INCOV056	COVID-19	308.0	236.0	76.62337662337663	11	3	8	25	0.10064935064935066	7	0.03246753246753247	18	0.06818181818181818	['EILDITPCSF', 'FLNGSCGSV', 'FPPTSFGPL', 'HLVDFQVTI', 'HTTDPSFLGRY', 'ILHCANFNV', 'NLNESLIDL', 'RQLLFVVEV', 'VLWAHGFEL', 'WICLLQFAY', 'YLNTLTLAV']	1	2.272727272727273	2.3333333333333335	2.25	0.1059322033898305	0.029661016949152543	0.07627118644067797
INCOV057	COVID-19	266.0	236.0	88.72180451127821	8	2	6	9	0.033834586466165405	2	0.007518796992481202	7	0.026315789473684206	['EILDITPCSF', 'FLNGSCGSV', 'FPPTSFGPL', 'FVDGVPFVV', 'HTTDPSFLGRY', 'KLWAQCVQL', 'VLWAHGFEL', 'YLNTLTLAV']	2	1.125	1.0	1.1666666666666667	0.038135593220338986	0.00847457627118644	0.029661016949152543
INCOV057	COVID-19	215.0	181.0	84.18604651162791	3	1	2	8	0.037209302325581395	4	0.018604651162790697	4	0.018604651162790697	['FLNGSCGSV', 'HTTDPSFLGRY', 'VLWAHGFEL']	1	2.6666666666666665	4.0	2.0	0.04419889502762431	0.022099447513812154	0.022099447513812154
INCOV058	COVID-19	614.0	109.0	17.752442996742673	6	3	3	10	0.0732899022801303	4	0.0065146579804560255	6	0.06677524429967427	['EILDITPCSF', 'FLNGSCGSV', 'HLVDFQVTI', 'HTTDPSFLGRY', 'YLNTLTLAV', 'YLQPRTFLL']	2	1.6666666666666667	1.3333333333333333	2.0	0.09174311926605505	0.03669724770642202	0.05504587155963303
INCOV058	COVID-19	682.0	81.0	11.87683284457478	4	1	3	8	0.07038123167155425	1	0.0014662756598240471	7	0.0689149560117302	['HLVDFQVTI', 'VLWAHGFEL', 'YLNTLTLAV', 'YLQPRTFLL']	1	2.0	1.0	2.3333333333333335	0.09876543209876543	0.012345679012345678	0.08641975308641975
INCOV059	COVID-19	351.0	137.0	39.03133903133903	9	2	7	17	0.07977207977207977	4	0.011396011396011395	13	0.06837606837606836	['EILDITPCSF', 'FLNGSCGSV', 'FPPTSFGPL', 'FVDGVPFVV', 'HLVDFQVTI', 'HTTDPSFLGRY', 'RQLLFVVEV', 'TPINLVRDL', 'VLWAHGFEL']	2	1.8888888888888888	2.0	1.8571428571428572	0.12408759124087591	0.029197080291970802	0.0948905109489051
INCOV059	COVID-19	378.0	166.0	43.915343915343925	9	2	7	17	0.0582010582010582	3	0.007936507936507934	14	0.05026455026455026	['EILDITPCSF', 'FLNGSCGSV', 'FPPTSFGPL', 'FVDGVPFVV', 'HLVDFQVTI', 'HTTDPSFLGRY', 'RQLLFVVEV', 'TPINLVRDL', 'VLWAHGFEL']	1	1.8888888888888888	1.5	2.0	0.10240963855421686	0.018072289156626505	0.08433734939759036
INCOV060	COVID-19	798.0	516.0	64.66165413533835	10	3	7	46	0.07644110275689223	14	0.02005012531328321	32	0.05639097744360902	['EILDITPCSF', 'FLNGSCGSV', 'FPPTSFGPL', 'HLVDFQVTI', 'HTTDPSFLGRY', 'RQLLFVVEV', 'TPINLVRDL', 'VLWAHGFEL', 'WICLLQFAY', 'YLNTLTLAV']	2	4.6	4.666666666666667	4.571428571428571	0.08914728682170543	0.027131782945736434	0.06201550387596899
INCOV060	COVID-19	259.0	179.0	69.11196911196912	6	1	5	16	0.0694980694980695	7	0.027027027027027025	9	0.04247104247104246	['FLNGSCGSV', 'HLVDFQVTI', 'HTTDPSFLGRY', 'RQLLFVVEV', 'TPINLVRDL', 'VLWAHGFEL']	1	2.6666666666666665	7.0	1.8	0.0893854748603352	0.03910614525139665	0.05027932960893855
INCOV061	COVID-19	485.0	272.0	56.082474226804116	6	2	4	9	0.0268041237113402	4	0.014432989690721647	5	0.012371134020618558	['EILDITPCSF', 'FPPTSFGPL', 'HLVDFQVTI', 'HTTDPSFLGRY', 'RQLLFVVEV', 'VLWAHGFEL']	2	1.5	2.0	1.25	0.03308823529411765	0.014705882352941176	0.01838235294117647
INCOV061	COVID-19	131.0	80.0	61.06870229007634	4	1	3	7	0.05343511450381679	2	0.015267175572519085	5	0.03816793893129771	['EILDITPCSF', 'FLNGSCGSV', 'VLWAHGFEL', 'YLNTLTLAV']	1	1.75	2.0	1.6666666666666667	0.0875	0.025	0.0625
INCOV062	COVID-19	411.0	139.0	33.81995133819952	6	1	5	9	0.021897810218978103	1	0.0024330900243309003	8	0.019464720194647202	['FLNGSCGSV', 'FPPTSFGPL', 'HLVDFQVTI', 'HTTDPSFLGRY', 'VLWAHGFEL', 'YLNTLTLAV']	2	1.5	1.0	1.6	0.06474820143884892	0.007194244604316547	0.05755395683453238
INCOV062	COVID-19	332.0	101.0	30.421686746987948	4	1	3	8	0.027108433734939763	2	0.006024096385542169	6	0.021084337349397592	['EILDITPCSF', 'FPPTSFGPL', 'HLVDFQVTI', 'VLWAHGFEL']	1	2.0	2.0	2.0	0.07920792079207921	0.019801980198019802	0.0594059405940594
INCOV063	COVID-19	466.0	167.0	35.83690987124464	7	3	4	16	0.08798283261802575	6	0.03648068669527898	10	0.05150214592274678	['EILDITPCSF', 'FLNGSCGSV', 'FPPTSFGPL', 'HLVDFQVTI', 'VLWAHGFEL', 'WICLLQFAY', 'YLQPRTFLL']	2	2.2857142857142856	2.0	2.5	0.09580838323353294	0.03592814371257485	0.059880239520958084
INCOV063	COVID-19	312.0	134.0	42.94871794871795	8	3	5	15	0.09935897435897437	5	0.051282051282051294	10	0.04807692307692307	['EILDITPCSF', 'FLNGSCGSV', 'HLVDFQVTI', 'HTTDPSFLGRY', 'KTSVDCTMYI', 'RQLLFVVEV', 'VLWAHGFEL', 'YLQPRTFLL']	1	1.875	1.6666666666666667	2.0	0.11194029850746269	0.03731343283582089	0.07462686567164178
INCOV066	COVID-19	642.0	240.0	37.38317757009346	9	3	6	16	0.031152647975077878	7	0.012461059190031152	9	0.018691588785046728	['EILDITPCSF', 'FLNGSCGSV', 'FPPTSFGPL', 'HLVDFQVTI', 'HTTDPSFLGRY', 'NLNESLIDL', 'RQLLFVVEV', 'VLWAHGFEL', 'YLQPRTFLL']	2	1.7777777777777777	2.3333333333333335	1.5	0.06666666666666667	0.029166666666666667	0.0375
INCOV066	COVID-19	567.0	411.0	72.48677248677248	9	3	6	35	0.06701940035273368	15	0.029982363315696647	20	0.037037037037037035	['EILDITPCSF', 'FLNGSCGSV', 'FPPTSFGPL', 'HLVDFQVTI', 'HTTDPSFLGRY', 'TPINLVRDL', 'VLWAHGFEL', 'YLNTLTLAV', 'YLQPRTFLL']	1	3.888888888888889	5.0	3.3333333333333335	0.0851581508515815	0.0364963503649635	0.04866180048661801
INCOV067	COVID-19	279.0	207.0	74.19354838709677	7	3	4	15	0.06093189964157707	5	0.01792114695340502	10	0.043010752688172046	['EILDITPCSF', 'FLNGSCGSV', 'FPPTSFGPL', 'HTTDPSFLGRY', 'VLWAHGFEL', 'WICLLQFAY', 'YLNTLTLAV']	2	2.142857142857143	1.6666666666666667	2.5	0.07246376811594203	0.024154589371980676	0.04830917874396135
INCOV067	COVID-19	196.0	177.0	90.3061224489796	8	1	7	15	0.07653061224489796	1	0.005102040816326529	14	0.07142857142857142	['FLNGSCGSV', 'FPPTSFGPL', 'HLVDFQVTI', 'HTTDPSFLGRY', 'RQLLFVVEV', 'TPINLVRDL', 'VLWAHGFEL', 'YLNTLTLAV']	1	1.875	1.0	2.0	0.0847457627118644	0.005649717514124294	0.07909604519774012
INCOV068	COVID-19	81.0	68.0	83.95061728395062	3	0	3	3	0.037037037037037035	0	0.0	3	0.037037037037037035	['NLNESLIDL', 'VLWAHGFEL', 'YLNTLTLAV']	2	1.0	0.0	1.0	0.04411764705882353	0.0	0.04411764705882353
INCOV068	COVID-19	76.0	70.0	92.10526315789473	3	1	2	3	0.039473684210526314	1	0.013157894736842105	2	0.02631578947368421	['EILDITPCSF', 'RQLLFVVEV', 'YLNTLTLAV']	1	1.0	1.0	1.0	0.04285714285714286	0.014285714285714285	0.02857142857142857
INCOV069	COVID-19	1050.0	192.0	18.285714285714285	5	2	3	8	0.008571428571428572	4	0.004761904761904762	4	0.0038095238095238095	['EILDITPCSF', 'FLNGSCGSV', 'HLVDFQVTI', 'HTTDPSFLGRY', 'YLNTLTLAV']	2	1.6	2.0	1.3333333333333333	0.041666666666666664	0.020833333333333332	0.020833333333333332
INCOV069	COVID-19	1201.0	175.0	14.571190674437966	6	2	4	12	0.015820149875104078	5	0.00749375520399667	7	0.00832639467110741	['EILDITPCSF', 'FVDGVPFVV', 'RQLLFVVEV', 'VLWAHGFEL', 'WICLLQFAY', 'YLNTLTLAV']	1	2.0	2.5	1.75	0.06857142857142857	0.02857142857142857	0.04
INCOV070	COVID-19	720.0	145.0	20.13888888888889	3	1	2	6	0.011111111111111113	2	0.005555555555555557	4	0.005555555555555557	['EILDITPCSF', 'HLVDFQVTI', 'VLWAHGFEL']	2	2.0	2.0	2.0	0.041379310344827586	0.013793103448275862	0.027586206896551724
INCOV070	COVID-19	111.0	53.0	47.747747747747745	4	3	1	5	0.045045045045045036	4	0.03603603603603603	1	0.009009009009009007	['EILDITPCSF', 'HTTDPSFLGRY', 'VLWAHGFEL', 'YLQPRTFLL']	1	1.25	1.3333333333333333	1.0	0.09433962264150944	0.07547169811320754	0.018867924528301886
INCOV071	COVID-19	144.0	118.0	81.94444444444444	5	2	3	12	0.08333333333333334	5	0.034722222222222224	7	0.04861111111111112	['EILDITPCSF', 'FLNGSCGSV', 'HTTDPSFLGRY', 'TPINLVRDL', 'VLWAHGFEL']	2	2.4	2.5	2.3333333333333335	0.1016949152542373	0.0423728813559322	0.059322033898305086
INCOV071	COVID-19	368.0	209.0	56.79347826086956	7	2	5	16	0.04619565217391304	6	0.016304347826086956	10	0.02989130434782608	['EILDITPCSF', 'FLNGSCGSV', 'FPPTSFGPL', 'HLVDFQVTI', 'HTTDPSFLGRY', 'TPINLVRDL', 'VLWAHGFEL']	1	2.2857142857142856	3.0	2.0	0.07655502392344497	0.028708133971291867	0.04784688995215311
INCOV072	COVID-19	784.0	182.0	23.214285714285715	6	0	6	9	0.054846938775510196	0	0.0	9	0.054846938775510196	['FLNGSCGSV', 'FPPTSFGPL', 'HLVDFQVTI', 'RQLLFVVEV', 'TPINLVRDL', 'VLWAHGFEL']	2	1.5	0.0	1.5	0.04945054945054945	0.0	0.04945054945054945
INCOV072	COVID-19	302.0	80.0	26.490066225165567	4	1	3	5	0.02649006622516556	1	0.0033112582781456954	4	0.023178807947019864	['EILDITPCSF', 'FLNGSCGSV', 'HLVDFQVTI', 'RQLLFVVEV']	1	1.25	1.0	1.3333333333333333	0.0625	0.0125	0.05
INCOV073	COVID-19	82.0	61.0	74.39024390243901	5	2	3	9	0.12195121951219513	5	0.06097560975609756	4	0.06097560975609756	['EILDITPCSF', 'FLNGSCGSV', 'HTTDPSFLGRY', 'RQLLFVVEV', 'VLWAHGFEL']	2	1.8	2.5	1.3333333333333333	0.14754098360655737	0.08196721311475409	0.06557377049180328
INCOV073	COVID-19	61.0	52.0	85.24590163934427	5	1	4	5	0.08196721311475408	1	0.016393442622950817	4	0.06557377049180327	['EILDITPCSF', 'FLNGSCGSV', 'FPPTSFGPL', 'RQLLFVVEV', 'VLWAHGFEL']	1	1.0	1.0	1.0	0.09615384615384616	0.019230769230769232	0.07692307692307693
INCOV074	COVID-19	56.0	43.0	76.78571428571429	2	0	2	3	0.05357142857142857	0	0.0	3	0.05357142857142857	['FLNGSCGSV', 'VLWAHGFEL']	2	1.5	0.0	1.5	0.06976744186046512	0.0	0.06976744186046512
INCOV074	COVID-19	136.0	122.0	89.70588235294117	4	1	3	4	0.02941176470588235	1	0.007352941176470587	3	0.022058823529411763	['FPPTSFGPL', 'HTTDPSFLGRY', 'RQLLFVVEV', 'VLWAHGFEL']	1	1.0	1.0	1.0	0.03278688524590164	0.00819672131147541	0.02459016393442623
INCOV075	COVID-19	105.0	91.0	86.66666666666669	4	2	2	5	0.047619047619047616	2	0.019047619047619046	3	0.028571428571428567	['HTTDPSFLGRY', 'NLNESLIDL', 'VLWAHGFEL', 'YLQPRTFLL']	2	1.25	1.0	1.5	0.054945054945054944	0.02197802197802198	0.03296703296703297
INCOV075	COVID-19	192.0	164.0	85.41666666666667	6	2	4	11	0.0625	4	0.026041666666666664	7	0.03645833333333333	['EILDITPCSF', 'FLNGSCGSV', 'HTTDPSFLGRY', 'RQLLFVVEV', 'VLWAHGFEL', 'YLNTLTLAV']	1	1.8333333333333333	2.0	1.75	0.06707317073170732	0.024390243902439025	0.042682926829268296
INCOV076	COVID-19	325.0	225.0	69.23076923076923	8	2	6	14	0.05846153846153846	3	0.00923076923076923	11	0.049230769230769224	['EILDITPCSF', 'FLNGSCGSV', 'FPPTSFGPL', 'HLVDFQVTI', 'HTTDPSFLGRY', 'NLNESLIDL', 'RQLLFVVEV', 'VLWAHGFEL']	2	1.75	1.5	1.8333333333333333	0.06222222222222222	0.013333333333333334	0.04888888888888889
INCOV076	COVID-19	229.0	145.0	63.31877729257642	5	1	4	11	0.05676855895196506	1	0.004366812227074236	10	0.05240174672489083	['FLNGSCGSV', 'HLVDFQVTI', 'HTTDPSFLGRY', 'RQLLFVVEV', 'VLWAHGFEL']	1	2.2	1.0	2.5	0.07586206896551724	0.006896551724137931	0.06896551724137931
INCOV077	COVID-19	465.0	292.0	62.79569892473118	9	2	7	21	0.19999999999999998	2	0.004301075268817204	19	0.19569892473118278	['EILDITPCSF', 'FLNGSCGSV', 'FPPTSFGPL', 'HLVDFQVTI', 'RQLLFVVEV', 'TPINLVRDL', 'VLWAHGFEL', 'YLNTLTLAV', 'YLQPRTFLL']	2	2.3333333333333335	1.0	2.7142857142857144	0.07191780821917808	0.00684931506849315	0.06506849315068493
INCOV077	COVID-19	465.0	399.0	85.80645161290323	10	2	8	32	0.07526881720430108	13	0.027956989247311832	19	0.04731182795698925	['EILDITPCSF', 'FLNGSCGSV', 'FPPTSFGPL', 'HLVDFQVTI', 'HTTDPSFLGRY', 'ILHCANFNV', 'NLNESLIDL', 'RQLLFVVEV', 'VLWAHGFEL', 'YLNTLTLAV']	1	3.2	6.5	2.375	0.08020050125313283	0.03258145363408521	0.047619047619047616
INCOV078	COVID-19	150.0	91.0	60.66666666666666	5	2	3	10	0.1	3	0.05333333333333334	7	0.04666666666666667	['EILDITPCSF', 'FLNGSCGSV', 'HLVDFQVTI', 'HTTDPSFLGRY', 'YLNTLTLAV']	2	2.0	1.5	2.3333333333333335	0.10989010989010989	0.03296703296703297	0.07692307692307693
INCOV078	COVID-19	224.0	151.0	67.41071428571429	9	3	6	14	0.0982142857142857	5	0.05803571428571429	9	0.040178571428571425	['EILDITPCSF', 'FLNGSCGSV', 'HLVDFQVTI', 'HTTDPSFLGRY', 'RQLLFVVEV', 'TPINLVRDL', 'VLWAHGFEL', 'WICLLQFAY', 'YLNTLTLAV']	1	1.5555555555555556	1.6666666666666667	1.5	0.09271523178807947	0.033112582781456956	0.059602649006622516
INCOV079	COVID-19	40.0	38.0	95.0	4	1	3	5	0.125	1	0.025	4	0.1	['FLNGSCGSV', 'HLVDFQVTI', 'HTTDPSFLGRY', 'NLNESLIDL']	2	1.25	1.0	1.3333333333333333	0.13157894736842105	0.02631578947368421	0.10526315789473684
INCOV079	COVID-19	64.0	59.0	92.1875	4	1	3	3	0.046875	1	0.015625	2	0.03125	['FLNGSCGSV', 'HTTDPSFLGRY', 'KAYNVTQAF', 'YLNTLTLAV']	1	0.75	1.0	0.6666666666666666	0.05084745762711865	0.01694915254237288	0.03389830508474576
INCOV080	COVID-19	102.0	61.0	59.80392156862745	5	1	4	7	0.06862745098039216	2	0.0196078431372549	5	0.049019607843137254	['FVDGVPFVV', 'HTTDPSFLGRY', 'RQLLFVVEV', 'TPINLVRDL', 'VLWAHGFEL']	2	1.4	2.0	1.25	0.11475409836065574	0.03278688524590164	0.08196721311475409
INCOV080	COVID-19	69.0	48.0	69.56521739130434	1	0	1	1	0.014492753623188406	0	0.0	1	0.014492753623188406	['HLVDFQVTI']	1	1.0	0.0	1.0	0.020833333333333332	0.0	0.020833333333333332
INCOV081	COVID-19	245.0	163.0	66.53061224489795	4	0	4	7	0.028571428571428574	0	0.0	7	0.028571428571428574	['FLNGSCGSV', 'FPPTSFGPL', 'NLNESLIDL', 'VLWAHGFEL']	2	1.75	0.0	1.75	0.04294478527607362	0.0	0.04294478527607362
INCOV081	COVID-19	222.0	196.0	88.28828828828829	6	2	4	11	0.04954954954954956	6	0.027027027027027025	5	0.02252252252252252	['EILDITPCSF', 'FLNGSCGSV', 'HLVDFQVTI', 'HTTDPSFLGRY', 'TPINLVRDL', 'YLNTLTLAV']	1	1.8333333333333333	3.0	1.25	0.05612244897959184	0.030612244897959183	0.025510204081632654
INCOV082	COVID-19	125.0	103.0	82.4	5	1	4	7	0.056	2	0.016	5	0.04	['HTTDPSFLGRY', 'NLNESLIDL', 'RQLLFVVEV', 'TPINLVRDL', 'VLWAHGFEL']	2	1.4	2.0	1.25	0.06796116504854369	0.019417475728155338	0.04854368932038835
INCOV082	COVID-19	2073.0	231.0	11.143270622286543	8	2	6	26	0.07380607814761216	5	0.0024119633381572596	21	0.07139411480945489	['EILDITPCSF', 'FLNGSCGSV', 'FPPTSFGPL', 'HLVDFQVTI', 'HTTDPSFLGRY', 'RQLLFVVEV', 'VLWAHGFEL', 'YLNTLTLAV']	1	3.25	2.5	3.5	0.11255411255411256	0.021645021645021644	0.09090909090909091
INCOV083	COVID-19	114.0	86.0	75.43859649122807	3	1	2	3	0.03508771929824561	1	0.017543859649122806	2	0.017543859649122806	['FLNGSCGSV', 'YLNTLTLAV', 'YLQPRTFLL']	2	1.0	1.0	1.0	0.03488372093023256	0.011627906976744186	0.023255813953488372
INCOV083	COVID-19	962.0	614.0	63.825363825363816	12	4	8	57	0.06444906444906445	28	0.031185031185031187	29	0.033264033264033266	['EILDITPCSF', 'FLNGSCGSV', 'FPPTSFGPL', 'HLVDFQVTI', 'HTTDPSFLGRY', 'NLNESLIDL', 'RQLLFVVEV', 'TPINLVRDL', 'VLWAHGFEL', 'WICLLQFAY', 'YLNTLTLAV', 'YLQPRTFLL']	1	4.75	7.0	3.625	0.09283387622149837	0.04560260586319218	0.04723127035830619
INCOV086	COVID-19	232.0	102.0	43.96551724137931	5	2	3	9	0.0603448275862069	4	0.03879310344827586	5	0.021551724137931036	['EILDITPCSF', 'FLNGSCGSV', 'HTTDPSFLGRY', 'RQLLFVVEV', 'TPINLVRDL']	2	1.8	2.0	1.6666666666666667	0.08823529411764706	0.0392156862745098	0.049019607843137254
INCOV086	COVID-19	97.0	45.0	46.39175257731959	4	1	3	4	0.041237113402061855	1	0.010309278350515464	3	0.030927835051546393	['FLNGSCGSV', 'HLVDFQVTI', 'HTTDPSFLGRY', 'RQLLFVVEV']	1	1.0	1.0	1.0	0.08888888888888889	0.022222222222222223	0.06666666666666667
INCOV087	COVID-19	296.0	118.0	39.864864864864856	3	1	2	4	0.013513513513513514	1	0.0033783783783783786	3	0.010135135135135136	['FPPTSFGPL', 'HTTDPSFLGRY', 'VLWAHGFEL']	2	1.3333333333333333	1.0	1.5	0.03389830508474576	0.00847457627118644	0.025423728813559324
INCOV087	COVID-19	172.0	98.0	56.9767441860465	6	3	3	6	0.040697674418604654	3	0.01744186046511628	3	0.023255813953488372	['EILDITPCSF', 'HLVDFQVTI', 'HTTDPSFLGRY', 'VLWAHGFEL', 'YLNTLTLAV', 'YLQPRTFLL']	1	1.0	1.0	1.0	0.061224489795918366	0.030612244897959183	0.030612244897959183
INCOV088	COVID-19	116.0	113.0	97.41379310344827	4	0	4	5	0.04310344827586207	0	0.0	5	0.04310344827586207	['FPPTSFGPL', 'HLVDFQVTI', 'RQLLFVVEV', 'VLWAHGFEL']	2	1.25	0.0	1.25	0.04424778761061947	0.0	0.04424778761061947
INCOV088	COVID-19	142.0	135.0	95.07042253521126	7	4	3	9	0.06338028169014084	6	0.04225352112676056	3	0.02112676056338028	['EILDITPCSF', 'FPPTSFGPL', 'HLVDFQVTI', 'HTTDPSFLGRY', 'TLDSKTQSL', 'VLWAHGFEL', 'YLQPRTFLL']	1	1.2857142857142858	1.5	1.0	0.06666666666666667	0.044444444444444446	0.022222222222222223
INCOV090	COVID-19	117.0	73.0	62.39316239316239	3	1	2	7	0.21367521367521367	5	0.06837606837606837	2	0.14529914529914528	['HLVDFQVTI', 'HTTDPSFLGRY', 'YLNTLTLAV']	2	2.3333333333333335	5.0	1.0	0.0958904109589041	0.0684931506849315	0.0273972602739726
INCOV090	COVID-19	100.0	65.0	65.0	5	2	3	6	0.17000000000000004	3	0.05	3	0.12	['EILDITPCSF', 'HTTDPSFLGRY', 'RQLLFVVEV', 'TPINLVRDL', 'YLNTLTLAV']	1	1.2	1.5	1.0	0.09230769230769231	0.046153846153846156	0.046153846153846156
INCOV091	COVID-19	177.0	119.0	67.2316384180791	4	2	2	9	0.05649717514124294	6	0.03954802259887005	3	0.01694915254237288	['EILDITPCSF', 'FLNGSCGSV', 'HTTDPSFLGRY', 'VLWAHGFEL']	1	2.25	3.0	1.5	0.07563025210084033	0.05042016806722689	0.025210084033613446
INCOV092	COVID-19	168.0	45.0	26.785714285714285	2	1	1	3	0.03571428571428571	1	0.005952380952380952	2	0.02976190476190476	['EILDITPCSF', 'FLNGSCGSV']	2	1.5	1.0	2.0	0.06666666666666667	0.022222222222222223	0.044444444444444446
INCOV092	COVID-19	208.0	66.0	31.73076923076923	4	1	3	5	0.08173076923076925	1	0.004807692307692308	4	0.07692307692307693	['EILDITPCSF', 'FLNGSCGSV', 'HLVDFQVTI', 'VLWAHGFEL']	1	1.25	1.0	1.3333333333333333	0.07575757575757576	0.015151515151515152	0.06060606060606061
INCOV093	COVID-19	376.0	157.0	41.755319148936174	5	3	2	14	0.09308510638297875	9	0.07446808510638299	5	0.018617021276595747	['EILDITPCSF', 'HLVDFQVTI', 'HTTDPSFLGRY', 'VLWAHGFEL', 'YLQPRTFLL']	2	2.8	3.0	2.5	0.08917197452229299	0.05732484076433121	0.03184713375796178
INCOV093	COVID-19	219.0	101.0	46.11872146118722	4	2	2	9	0.1552511415525114	6	0.1415525114155251	3	0.0136986301369863	['EILDITPCSF', 'FLNGSCGSV', 'FPPTSFGPL', 'HTTDPSFLGRY']	1	2.25	3.0	1.5	0.0891089108910891	0.0594059405940594	0.0297029702970297
INCOV094	COVID-19	86.0	85.0	98.83720930232558	2	1	1	2	0.023255813953488372	1	0.011627906976744186	1	0.011627906976744186	['EILDITPCSF', 'RQLLFVVEV']	2	1.0	1.0	1.0	0.023529411764705882	0.011764705882352941	0.011764705882352941
INCOV094	COVID-19	116.0	115.0	99.13793103448276	7	3	4	8	0.07758620689655173	4	0.04310344827586207	4	0.034482758620689655	['EILDITPCSF', 'HTTDPSFLGRY', 'KTSVDCTMYI', 'NLNESLIDL', 'VLWAHGFEL', 'WICLLQFAY', 'YLNTLTLAV']	1	1.1428571428571428	1.3333333333333333	1.0	0.06956521739130435	0.034782608695652174	0.034782608695652174
INCOV096	COVID-19	82.0	63.0	76.82926829268294	3	1	2	5	0.06097560975609756	3	0.03658536585365854	2	0.024390243902439025	['FLNGSCGSV', 'HTTDPSFLGRY', 'VLWAHGFEL']	2	1.6666666666666667	3.0	1.0	0.07936507936507936	0.047619047619047616	0.031746031746031744
INCOV097	COVID-19	116.0	115.0	99.13793103448276	7	3	4	12	0.10344827586206898	6	0.05172413793103449	6	0.05172413793103449	['EILDITPCSF', 'FLNGSCGSV', 'HLVDFQVTI', 'HTTDPSFLGRY', 'VLWAHGFEL', 'WICLLQFAY', 'YLNTLTLAV']	2	1.7142857142857142	2.0	1.5	0.10434782608695652	0.05217391304347826	0.05217391304347826
INCOV097	COVID-19	78.0	76.0	97.43589743589745	6	3	3	8	0.10256410256410256	4	0.05128205128205128	4	0.05128205128205128	['EILDITPCSF', 'FPPTSFGPL', 'HLVDFQVTI', 'HTTDPSFLGRY', 'RQLLFVVEV', 'WICLLQFAY']	1	1.3333333333333333	1.3333333333333333	1.3333333333333333	0.10526315789473684	0.05263157894736842	0.05263157894736842
INCOV098	COVID-19	37.0	35.0	94.5945945945946	1	0	1	1	0.027027027027027032	0	0.0	1	0.027027027027027032	['FLNGSCGSV']	2	1.0	0.0	1.0	0.02857142857142857	0.0	0.02857142857142857
INCOV098	COVID-19	52.0	45.0	86.53846153846153	3	0	3	3	0.057692307692307696	0	0.0	3	0.057692307692307696	['FLNGSCGSV', 'FPPTSFGPL', 'RQLLFVVEV']	1	1.0	0.0	1.0	0.06666666666666667	0.0	0.06666666666666667
INCOV100	COVID-19	176.0	109.0	61.93181818181818	5	1	4	5	0.02840909090909091	1	0.005681818181818182	4	0.022727272727272728	['FLNGSCGSV', 'NLNESLIDL', 'TPINLVRDL', 'VLWAHGFEL', 'YLQPRTFLL']	2	1.0	1.0	1.0	0.045871559633027525	0.009174311926605505	0.03669724770642202
INCOV100	COVID-19	171.0	122.0	71.34502923976608	6	2	4	13	0.07602339181286549	6	0.03508771929824561	7	0.04093567251461988	['EILDITPCSF', 'HTTDPSFLGRY', 'RQLLFVVEV', 'TPINLVRDL', 'VLWAHGFEL', 'YLNTLTLAV']	1	2.1666666666666665	3.0	1.75	0.10655737704918032	0.04918032786885246	0.05737704918032787
INCOV101	COVID-19	72.0	70.0	97.22222222222223	5	2	3	7	0.11111111111111113	2	0.027777777777777776	5	0.08333333333333334	['EILDITPCSF', 'FLNGSCGSV', 'HLVDFQVTI', 'VLWAHGFEL', 'YLQPRTFLL']	2	1.4	1.0	1.6666666666666667	0.1	0.02857142857142857	0.07142857142857142
INCOV101	COVID-19	314.0	300.0	95.54140127388537	8	2	6	23	0.0732484076433121	5	0.01592356687898089	18	0.05732484076433121	['EILDITPCSF', 'FLNGSCGSV', 'FPPTSFGPL', 'HLVDFQVTI', 'HTTDPSFLGRY', 'TPINLVRDL', 'VLWAHGFEL', 'YLNTLTLAV']	1	2.875	2.5	3.0	0.07666666666666666	0.016666666666666666	0.06
INCOV102	COVID-19	74.0	61.0	82.43243243243244	3	1	2	4	0.05405405405405406	2	0.02702702702702703	2	0.02702702702702703	['EILDITPCSF', 'HLVDFQVTI', 'VLWAHGFEL']	2	1.3333333333333333	2.0	1.0	0.06557377049180328	0.03278688524590164	0.03278688524590164
INCOV102	COVID-19	170.0	138.0	81.17647058823529	7	2	5	14	0.09411764705882357	3	0.017647058823529415	11	0.07647058823529414	['EILDITPCSF', 'FLNGSCGSV', 'HLVDFQVTI', 'HTTDPSFLGRY', 'RQLLFVVEV', 'VLWAHGFEL', 'YLNTLTLAV']	1	2.0	1.5	2.2	0.10144927536231885	0.021739130434782608	0.07971014492753623
INCOV103	COVID-19	129.0	107.0	82.94573643410854	5	2	3	13	0.1007751937984496	7	0.05426356589147286	6	0.04651162790697674	['EILDITPCSF', 'FLNGSCGSV', 'HTTDPSFLGRY', 'VLWAHGFEL', 'YLNTLTLAV']	2	2.6	3.5	2.0	0.12149532710280374	0.06542056074766354	0.056074766355140186
INCOV103	COVID-19	102.0	87.0	85.29411764705883	6	2	4	9	0.08823529411764705	5	0.049019607843137254	4	0.0392156862745098	['EILDITPCSF', 'HLVDFQVTI', 'HTTDPSFLGRY', 'NLNESLIDL', 'RQLLFVVEV', 'VLWAHGFEL']	1	1.5	2.5	1.0	0.10344827586206896	0.05747126436781609	0.04597701149425287
INCOV104	COVID-19	339.0	241.0	71.09144542772863	10	3	7	15	0.04424778761061946	3	0.008849557522123892	12	0.03539823008849557	['EILDITPCSF', 'FLNGSCGSV', 'FPPTSFGPL', 'HLVDFQVTI', 'HTTDPSFLGRY', 'NLNESLIDL', 'TPINLVRDL', 'VLWAHGFEL', 'WICLLQFAY', 'YLNTLTLAV']	2	1.5	1.0	1.7142857142857142	0.06224066390041494	0.012448132780082987	0.04979253112033195
INCOV104	COVID-19	361.0	256.0	70.91412742382272	12	3	9	27	0.07479224376731303	6	0.01662049861495845	21	0.05817174515235458	['EILDITPCSF', 'FLNGSCGSV', 'FPPTSFGPL', 'FVDGVPFVV', 'HLVDFQVTI', 'HTTDPSFLGRY', 'MPASWVMRI', 'RQLLFVVEV', 'TPINLVRDL', 'VLWAHGFEL', 'YLNTLTLAV', 'YLQPRTFLL']	1	2.25	2.0	2.3333333333333335	0.10546875	0.0234375	0.08203125
INCOV105	COVID-19	165.0	149.0	90.3030303030303	6	2	4	10	0.06666666666666667	4	0.024242424242424242	6	0.04242424242424242	['EILDITPCSF', 'FLNGSCGSV', 'HTTDPSFLGRY', 'RQLLFVVEV', 'VLWAHGFEL', 'YLNTLTLAV']	2	1.6666666666666667	2.0	1.5	0.06711409395973154	0.026845637583892617	0.040268456375838924
INCOV105	COVID-19	71.0	63.0	88.73239436619718	2	0	2	2	0.028169014084507036	0	0.0	2	0.028169014084507036	['FLNGSCGSV', 'RQLLFVVEV']	1	1.0	0.0	1.0	0.031746031746031744	0.0	0.031746031746031744
INCOV106	COVID-19	118.0	98.0	83.0508474576271	3	1	2	5	0.0423728813559322	1	0.00847457627118644	4	0.03389830508474576	['EILDITPCSF', 'VLWAHGFEL', 'YLNTLTLAV']	2	1.6666666666666667	1.0	2.0	0.05102040816326531	0.01020408163265306	0.04081632653061224
INCOV106	COVID-19	148.0	120.0	81.08108108108108	7	2	5	13	0.10135135135135136	6	0.05405405405405406	7	0.0472972972972973	['EILDITPCSF', 'FLNGSCGSV', 'FPPTSFGPL', 'HTTDPSFLGRY', 'TPINLVRDL', 'VLWAHGFEL', 'YLNTLTLAV']	1	1.8571428571428572	3.0	1.4	0.10833333333333334	0.05	0.058333333333333334
INCOV107	COVID-19	34.0	33.0	97.05882352941177	1	0	1	1	0.029411764705882356	0	0.0	1	0.029411764705882356	['VLWAHGFEL']	2	1.0	0.0	1.0	0.030303030303030304	0.0	0.030303030303030304
INCOV107	COVID-19	76.0	73.0	96.05263157894736	5	2	3	5	0.06578947368421052	2	0.02631578947368421	3	0.039473684210526314	['EILDITPCSF', 'FLNGSCGSV', 'HLVDFQVTI', 'HTTDPSFLGRY', 'RQLLFVVEV']	1	1.0	1.0	1.0	0.0684931506849315	0.0273972602739726	0.0410958904109589
INCOV108	COVID-19	174.0	143.0	82.183908045977	6	1	5	9	0.05747126436781609	1	0.005747126436781609	8	0.05172413793103448	['FLNGSCGSV', 'FPPTSFGPL', 'HLVDFQVTI', 'HTTDPSFLGRY', 'NLNESLIDL', 'VLWAHGFEL']	2	1.5	1.0	1.6	0.06293706293706294	0.006993006993006993	0.055944055944055944
INCOV108	COVID-19	93.0	74.0	79.56989247311827	5	1	4	5	0.05376344086021507	1	0.010752688172043013	4	0.04301075268817205	['HLVDFQVTI', 'HTTDPSFLGRY', 'NLNESLIDL', 'VLWAHGFEL', 'YLNTLTLAV']	1	1.0	1.0	1.0	0.06756756756756757	0.013513513513513514	0.05405405405405406
INCOV109	COVID-19	42.0	42.0	100.0	1	1	0	1	0.023809523809523808	1	0.023809523809523808	0	0.0	['HTTDPSFLGRY']	2	1.0	1.0	0.0	0.023809523809523808	0.023809523809523808	0.0
INCOV109	COVID-19	47.0	40.0	85.1063829787234	2	2	0	2	0.0425531914893617	2	0.0425531914893617	0	0.0	['EILDITPCSF', 'HTTDPSFLGRY']	1	1.0	1.0	0.0	0.05	0.05	0.0
INCOV110	COVID-19	174.0	111.0	63.793103448275865	6	2	4	10	0.05747126436781609	5	0.028735632183908046	5	0.028735632183908046	['EILDITPCSF', 'HLVDFQVTI', 'HTTDPSFLGRY', 'RQLLFVVEV', 'VLWAHGFEL', 'YLNTLTLAV']	2	1.6666666666666667	2.5	1.25	0.09009009009009009	0.04504504504504504	0.04504504504504504
INCOV110	COVID-19	244.0	163.0	66.80327868852459	5	1	4	10	0.04918032786885245	1	0.004098360655737704	9	0.04508196721311475	['EILDITPCSF', 'FLNGSCGSV', 'RQLLFVVEV', 'VLWAHGFEL', 'YLNTLTLAV']	1	2.0	1.0	2.25	0.06134969325153374	0.006134969325153374	0.05521472392638037
INCOV111	COVID-19	267.0	134.0	50.187265917603	5	2	3	8	0.0299625468164794	2	0.00749063670411985	6	0.02247191011235955	['EILDITPCSF', 'FLNGSCGSV', 'HLVDFQVTI', 'VLWAHGFEL', 'WICLLQFAY']	2	1.6	1.0	2.0	0.05970149253731343	0.014925373134328358	0.04477611940298507
INCOV111	COVID-19	382.0	156.0	40.83769633507853	6	2	4	9	0.02356020942408377	2	0.005235602094240838	7	0.01832460732984293	['EILDITPCSF', 'FLNGSCGSV', 'HLVDFQVTI', 'HTTDPSFLGRY', 'TPINLVRDL', 'VLWAHGFEL']	1	1.5	1.0	1.75	0.057692307692307696	0.01282051282051282	0.04487179487179487
INCOV112	COVID-19	259.0	236.0	91.11969111969113	5	1	4	10	0.03861003861003861	1	0.003861003861003861	9	0.03474903474903475	['FLNGSCGSV', 'FPPTSFGPL', 'HTTDPSFLGRY', 'VLWAHGFEL', 'YLNTLTLAV']	2	2.0	1.0	2.25	0.0423728813559322	0.00423728813559322	0.038135593220338986
INCOV112	COVID-19	220.0	207.0	94.0909090909091	7	4	3	9	0.04090909090909091	5	0.022727272727272728	4	0.01818181818181818	['EILDITPCSF', 'FLNGSCGSV', 'HLVDFQVTI', 'HTTDPSFLGRY', 'VLWAHGFEL', 'WICLLQFAY', 'YLQPRTFLL']	1	1.2857142857142858	1.25	1.3333333333333333	0.043478260869565216	0.024154589371980676	0.01932367149758454
INCOV113	COVID-19	203.0	191.0	94.08866995073893	9	4	5	16	0.08866995073891626	7	0.04433497536945813	9	0.04433497536945813	['EILDITPCSF', 'FLNGSCGSV', 'HLVDFQVTI', 'HTTDPSFLGRY', 'RQLLFVVEV', 'TPINLVRDL', 'VLWAHGFEL', 'WICLLQFAY', 'YLQPRTFLL']	2	1.7777777777777777	1.75	1.8	0.08376963350785341	0.03664921465968586	0.04712041884816754
INCOV113	COVID-19	195.0	186.0	95.3846153846154	6	3	3	10	0.05128205128205129	4	0.020512820512820513	6	0.030769230769230767	['EILDITPCSF', 'FPPTSFGPL', 'HLVDFQVTI', 'HTTDPSFLGRY', 'VLWAHGFEL', 'WICLLQFAY']	1	1.6666666666666667	1.3333333333333333	2.0	0.053763440860215055	0.021505376344086023	0.03225806451612903
INCOV114	COVID-19	150.0	132.0	88.0	7	2	5	11	0.09333333333333334	2	0.013333333333333334	9	0.08	['EILDITPCSF', 'FLNGSCGSV', 'FPPTSFGPL', 'HTTDPSFLGRY', 'RQLLFVVEV', 'VLWAHGFEL', 'YLNTLTLAV']	2	1.5714285714285714	1.0	1.8	0.08333333333333333	0.015151515151515152	0.06818181818181818
INCOV114	COVID-19	121.0	112.0	92.56198347107437	4	1	3	8	0.06611570247933884	3	0.024793388429752067	5	0.04132231404958678	['EILDITPCSF', 'FLNGSCGSV', 'VLWAHGFEL', 'YLNTLTLAV']	1	2.0	3.0	1.6666666666666667	0.07142857142857142	0.026785714285714284	0.044642857142857144
INCOV115	COVID-19	232.0	201.0	86.63793103448276	8	2	6	21	0.09482758620689653	6	0.030172413793103453	15	0.06465517241379311	['EILDITPCSF', 'FLNGSCGSV', 'FPPTSFGPL', 'HLVDFQVTI', 'HTTDPSFLGRY', 'TPINLVRDL', 'VLWAHGFEL', 'YLNTLTLAV']	2	2.625	3.0	2.5	0.1044776119402985	0.029850746268656716	0.07462686567164178
INCOV115	COVID-19	158.0	132.0	83.54430379746836	6	3	3	11	0.07594936708860761	8	0.056962025316455694	3	0.0189873417721519	['EILDITPCSF', 'FLNGSCGSV', 'HTTDPSFLGRY', 'NLNESLIDL', 'WICLLQFAY', 'YLNTLTLAV']	1	1.8333333333333333	2.6666666666666665	1.0	0.08333333333333333	0.06060606060606061	0.022727272727272728
INCOV116	COVID-19	166.0	147.0	88.55421686746989	7	2	5	12	0.07228915662650603	4	0.024096385542168676	8	0.04819277108433735	['EILDITPCSF', 'FLNGSCGSV', 'HLVDFQVTI', 'RQLLFVVEV', 'TPINLVRDL', 'VLWAHGFEL', 'WICLLQFAY']	2	1.7142857142857142	2.0	1.6	0.08163265306122448	0.027210884353741496	0.05442176870748299
INCOV116	COVID-19	357.0	324.0	90.75630252100842	9	3	6	20	0.05602240896358542	8	0.022408963585434174	12	0.03361344537815126	['EILDITPCSF', 'FLNGSCGSV', 'FPPTSFGPL', 'HLVDFQVTI', 'HTTDPSFLGRY', 'TPINLVRDL', 'VLWAHGFEL', 'WICLLQFAY', 'YLNTLTLAV']	1	2.2222222222222223	2.6666666666666665	2.0	0.06172839506172839	0.024691358024691357	0.037037037037037035
INCOV117	COVID-19	295.0	146.0	49.49152542372882	7	2	5	14	0.088135593220339	4	0.013559322033898305	10	0.07457627118644068	['EILDITPCSF', 'FPPTSFGPL', 'HLVDFQVTI', 'NLNESLIDL', 'VLWAHGFEL', 'YLNTLTLAV', 'YLQPRTFLL']	2	2.0	2.0	2.0	0.0958904109589041	0.0273972602739726	0.0684931506849315
INCOV117	COVID-19	155.0	74.0	47.74193548387096	6	3	3	8	0.08387096774193549	4	0.025806451612903226	4	0.05806451612903227	['EILDITPCSF', 'HLVDFQVTI', 'HTTDPSFLGRY', 'NLNESLIDL', 'VLWAHGFEL', 'WICLLQFAY']	1	1.3333333333333333	1.3333333333333333	1.3333333333333333	0.10810810810810811	0.05405405405405406	0.05405405405405406
INCOV119	COVID-19	345.0	149.0	43.18840579710145	10	3	7	23	0.12463768115942028	6	0.017391304347826084	17	0.10724637681159419	['EILDITPCSF', 'FLNGSCGSV', 'FPPTSFGPL', 'HLVDFQVTI', 'HTTDPSFLGRY', 'RQLLFVVEV', 'TPINLVRDL', 'VLWAHGFEL', 'YLNTLTLAV', 'YLQPRTFLL']	2	2.3	2.0	2.4285714285714284	0.15436241610738255	0.040268456375838924	0.11409395973154363
INCOV119	COVID-19	245.0	125.0	51.020408163265316	6	1	5	11	0.11836734693877551	1	0.004081632653061225	10	0.1142857142857143	['FPPTSFGPL', 'HLVDFQVTI', 'HTTDPSFLGRY', 'RQLLFVVEV', 'VLWAHGFEL', 'YLNTLTLAV']	1	1.8333333333333333	1.0	2.0	0.088	0.008	0.08
INCOV120	COVID-19	367.0	228.0	62.12534059945504	11	4	7	14	0.04904632152588555	5	0.021798365122615803	9	0.027247956403269755	['EILDITPCSF', 'FLNGSCGSV', 'FLPRVFSAV', 'FPPTSFGPL', 'HTTDPSFLGRY', 'RQLLFVVEV', 'TPINLVRDL', 'VLWAHGFEL', 'WICLLQFAY', 'YLNTLTLAV', 'YLQPRTFLL']	2	1.2727272727272727	1.25	1.2857142857142858	0.06140350877192982	0.021929824561403508	0.039473684210526314
INCOV120	COVID-19	412.0	273.0	66.2621359223301	10	4	6	24	0.06553398058252427	12	0.03640776699029126	12	0.029126213592233004	['EILDITPCSF', 'HLVDFQVTI', 'HTTDPSFLGRY', 'NLNESLIDL', 'RQLLFVVEV', 'TPINLVRDL', 'VLWAHGFEL', 'WICLLQFAY', 'YLNTLTLAV', 'YLQPRTFLL']	1	2.4	3.0	2.0	0.08791208791208792	0.04395604395604396	0.04395604395604396
INCOV121	COVID-19	72.0	64.0	88.8888888888889	2	0	2	2	0.027777777777777776	0	0.0	2	0.027777777777777776	['HLVDFQVTI', 'RQLLFVVEV']	2	1.0	0.0	1.0	0.03125	0.0	0.03125
INCOV121	COVID-19	69.0	62.0	89.8550724637681	2	2	0	2	0.028985507246376812	2	0.028985507246376812	0	0.0	['EILDITPCSF', 'HTTDPSFLGRY']	1	1.0	1.0	0.0	0.03225806451612903	0.03225806451612903	0.0
INCOV122	COVID-19	406.0	301.0	74.13793103448276	9	3	6	20	0.05911330049261083	9	0.024630541871921183	11	0.034482758620689655	['EILDITPCSF', 'FLNGSCGSV', 'HTTDPSFLGRY', 'ILHCANFNV', 'KPLEFGATSAAL', 'RQLLFVVEV', 'TPINLVRDL', 'VLWAHGFEL', 'YLNTLTLAV']	2	2.2222222222222223	3.0	1.8333333333333333	0.0664451827242525	0.029900332225913623	0.036544850498338874
INCOV122	COVID-19	265.0	231.0	87.16981132075472	5	2	3	12	0.045283018867924525	6	0.022641509433962263	6	0.022641509433962263	['EILDITPCSF', 'FLNGSCGSV', 'HTTDPSFLGRY', 'RQLLFVVEV', 'VLWAHGFEL']	1	2.4	3.0	2.0	0.05194805194805195	0.025974025974025976	0.025974025974025976
INCOV123	COVID-19	263.0	166.0	63.11787072243346	9	2	7	15	0.09885931558935362	5	0.02661596958174905	10	0.07224334600760457	['EILDITPCSF', 'FLNGSCGSV', 'FPPTSFGPL', 'FVDGVPFVV', 'HLVDFQVTI', 'HTTDPSFLGRY', 'NLNESLIDL', 'TPINLVRDL', 'YLNTLTLAV']	2	1.6666666666666667	2.5	1.4285714285714286	0.09036144578313253	0.030120481927710843	0.060240963855421686
INCOV123	COVID-19	307.0	194.0	63.19218241042346	9	3	6	16	0.1009771986970684	6	0.01954397394136808	10	0.08143322475570033	['EILDITPCSF', 'FLNGSCGSV', 'FPPTSFGPL', 'FVDGVPFVV', 'HLVDFQVTI', 'HTTDPSFLGRY', 'VLWAHGFEL', 'YLNTLTLAV', 'YLQPRTFLL']	1	1.7777777777777777	2.0	1.6666666666666667	0.08247422680412371	0.030927835051546393	0.05154639175257732
INCOV124	COVID-19	321.0	113.0	35.202492211838006	9	3	6	13	0.11838006230529594	3	0.009345794392523364	10	0.10903426791277257	['EILDITPCSF', 'FLNGSCGSV', 'FPPTSFGPL', 'FVDGVPFVV', 'HLVDFQVTI', 'HTTDPSFLGRY', 'VLWAHGFEL', 'WICLLQFAY', 'YLNTLTLAV']	2	1.4444444444444444	1.0	1.6666666666666667	0.11504424778761062	0.02654867256637168	0.08849557522123894
INCOV124	COVID-19	172.0	78.0	45.34883720930232	7	3	4	8	0.11046511627906978	3	0.023255813953488372	5	0.0872093023255814	['EILDITPCSF', 'FLNGSCGSV', 'FPPTSFGPL', 'FVDGVPFVV', 'HLVDFQVTI', 'HTTDPSFLGRY', 'WICLLQFAY']	1	1.1428571428571428	1.0	1.25	0.10256410256410256	0.038461538461538464	0.0641025641025641
INCOV125	COVID-19	353.0	320.0	90.6515580736544	11	3	8	25	0.07932011331444759	4	0.0113314447592068	21	0.0679886685552408	['EILDITPCSF', 'FLNGSCGSV', 'FPPTSFGPL', 'FVDGVPFVV', 'HLVDFQVTI', 'HTTDPSFLGRY', 'NLNESLIDL', 'RQLLFVVEV', 'TPINLVRDL', 'VLWAHGFEL', 'YLQPRTFLL']	2	2.272727272727273	1.3333333333333333	2.625	0.078125	0.0125	0.065625
INCOV125	COVID-19	234.0	183.0	78.2051282051282	8	4	4	16	0.06837606837606838	8	0.03418803418803419	8	0.03418803418803419	['EILDITPCSF', 'FLNGSCGSV', 'FPPTSFGPL', 'HTTDPSFLGRY', 'RQLLFVVEV', 'VLWAHGFEL', 'WICLLQFAY', 'YLQPRTFLL']	1	2.0	2.0	2.0	0.08743169398907104	0.04371584699453552	0.04371584699453552
INCOV126	COVID-19	483.0	270.0	55.90062111801242	7	2	5	12	0.033126293995859216	3	0.006211180124223603	9	0.026915113871635612	['EILDITPCSF', 'FLNGSCGSV', 'FPPTSFGPL', 'HLVDFQVTI', 'HTTDPSFLGRY', 'RQLLFVVEV', 'VLWAHGFEL']	2	1.7142857142857142	1.5	1.8	0.044444444444444446	0.011111111111111112	0.03333333333333333
INCOV126	COVID-19	526.0	298.0	56.65399239543726	9	3	6	22	0.04942965779467682	7	0.013307984790874526	15	0.036121673003802285	['EILDITPCSF', 'FLNGSCGSV', 'HLVDFQVTI', 'HTTDPSFLGRY', 'NLNESLIDL', 'RQLLFVVEV', 'VLWAHGFEL', 'WICLLQFAY', 'YLNTLTLAV']	1	2.4444444444444446	2.3333333333333335	2.5	0.0738255033557047	0.02348993288590604	0.050335570469798654
INCOV127	COVID-19	193.0	143.0	74.09326424870466	8	4	4	12	0.10880829015544041	5	0.02590673575129534	7	0.08290155440414508	['EILDITPCSF', 'FLNGSCGSV', 'HLVDFQVTI', 'HTTDPSFLGRY', 'RQLLFVVEV', 'VLWAHGFEL', 'WICLLQFAY', 'YLQPRTFLL']	2	1.5	1.25	1.75	0.08391608391608392	0.03496503496503497	0.04895104895104895
INCOV127	COVID-19	121.0	93.0	76.85950413223141	7	2	5	14	0.14049586776859505	2	0.01652892561983471	12	0.12396694214876033	['EILDITPCSF', 'FLNGSCGSV', 'FPPTSFGPL', 'HLVDFQVTI', 'HTTDPSFLGRY', 'RQLLFVVEV', 'VLWAHGFEL']	1	2.0	1.0	2.4	0.15053763440860216	0.021505376344086023	0.12903225806451613
INCOV128	COVID-19	378.0	190.0	50.26455026455026	8	2	6	15	0.06349206349206349	6	0.01587301587301587	9	0.047619047619047616	['EILDITPCSF', 'FLNGSCGSV', 'FPPTSFGPL', 'HLVDFQVTI', 'HTTDPSFLGRY', 'RQLLFVVEV', 'TPINLVRDL', 'VLWAHGFEL']	2	1.875	3.0	1.5	0.07894736842105263	0.031578947368421054	0.04736842105263158
INCOV128	COVID-19	204.0	105.0	51.470588235294116	4	0	4	5	0.024509803921568627	0	0.0	5	0.024509803921568627	['FPPTSFGPL', 'RQLLFVVEV', 'TPINLVRDL', 'VLWAHGFEL']	1	1.25	0.0	1.25	0.047619047619047616	0.0	0.047619047619047616
INCOV129	COVID-19	332.0	158.0	47.59036144578313	7	2	5	14	0.0602409638554217	3	0.009036144578313254	11	0.05120481927710844	['EILDITPCSF', 'FLNGSCGSV', 'FPPTSFGPL', 'HTTDPSFLGRY', 'RQLLFVVEV', 'VLWAHGFEL', 'YLNTLTLAV']	2	2.0	1.5	2.2	0.08860759493670886	0.0189873417721519	0.06962025316455696
INCOV129	COVID-19	140.0	62.0	44.28571428571429	4	0	4	4	0.028571428571428574	0	0.0	4	0.028571428571428574	['FLNGSCGSV', 'HLVDFQVTI', 'VLWAHGFEL', 'YLNTLTLAV']	1	1.0	0.0	1.0	0.06451612903225806	0.0	0.06451612903225806
INCOV130	COVID-19	97.0	77.0	79.38144329896906	5	2	3	5	0.05154639175257732	2	0.020618556701030927	3	0.030927835051546393	['EILDITPCSF', 'HLVDFQVTI', 'NLNESLIDL', 'WICLLQFAY', 'YLNTLTLAV']	2	1.0	1.0	1.0	0.06493506493506493	0.025974025974025976	0.03896103896103896
INCOV130	COVID-19	44.0	43.0	97.72727272727272	1	0	1	1	0.022727272727272728	0	0.0	1	0.022727272727272728	['VLWAHGFEL']	1	1.0	0.0	1.0	0.023255813953488372	0.0	0.023255813953488372
INCOV131	COVID-19	452.0	294.0	65.04424778761062	8	2	6	20	0.0508849557522124	7	0.01991150442477876	13	0.030973451327433628	['FLNGSCGSV', 'HLVDFQVTI', 'HTTDPSFLGRY', 'NLNESLIDL', 'RQLLFVVEV', 'VLWAHGFEL', 'YLNTLTLAV', 'YLQPRTFLL']	2	2.5	3.5	2.1666666666666665	0.06802721088435375	0.023809523809523808	0.04421768707482993
INCOV131	COVID-19	206.0	133.0	64.5631067961165	7	2	5	10	0.058252427184466014	4	0.029126213592233007	6	0.029126213592233004	['FPPTSFGPL', 'HLVDFQVTI', 'HTTDPSFLGRY', 'NLNESLIDL', 'RQLLFVVEV', 'TPINLVRDL', 'YLQPRTFLL']	1	1.4285714285714286	2.0	1.2	0.07518796992481203	0.03007518796992481	0.045112781954887216
INCOV132	COVID-19	248.0	163.0	65.7258064516129	9	2	7	17	0.12096774193548386	5	0.03629032258064516	12	0.08467741935483869	['EILDITPCSF', 'FLNGSCGSV', 'FPPTSFGPL', 'HLVDFQVTI', 'HTTDPSFLGRY', 'RQLLFVVEV', 'TPINLVRDL', 'VLWAHGFEL', 'YLNTLTLAV']	2	1.8888888888888888	2.5	1.7142857142857142	0.10429447852760736	0.03067484662576687	0.0736196319018405
INCOV132	COVID-19	72.0	51.0	70.83333333333333	3	0	3	4	0.06944444444444445	0	0.0	4	0.06944444444444445	['FLNGSCGSV', 'FPPTSFGPL', 'YLNTLTLAV']	1	1.3333333333333333	0.0	1.3333333333333333	0.0784313725490196	0.0	0.0784313725490196
INCOV133	COVID-19	77.0	30.0	38.96103896103896	2	0	2	3	0.1168831168831169	0	0.0	3	0.1168831168831169	['FPPTSFGPL', 'YLNTLTLAV']	2	1.5	0.0	1.5	0.1	0.0	0.1
INCOV133	COVID-19	26.0	18.0	69.23076923076923	2	0	2	2	0.07692307692307693	0	0.0	2	0.07692307692307693	['FLNGSCGSV', 'YLNTLTLAV']	1	1.0	0.0	1.0	0.1111111111111111	0.0	0.1111111111111111
INCOV134	COVID-19	153.0	124.0	81.04575163398692	8	3	5	15	0.10457516339869284	6	0.0457516339869281	9	0.058823529411764705	['EILDITPCSF', 'FLNGSCGSV', 'FPPTSFGPL', 'HLVDFQVTI', 'HTTDPSFLGRY', 'RQLLFVVEV', 'WICLLQFAY', 'YLNTLTLAV']	2	1.875	2.0	1.8	0.12096774193548387	0.04838709677419355	0.07258064516129033
INCOV134	COVID-19	120.0	93.0	77.5	3	1	2	5	0.041666666666666664	2	0.016666666666666666	3	0.025	['EILDITPCSF', 'FLNGSCGSV', 'MPASWVMRI']	1	1.6666666666666667	2.0	1.5	0.053763440860215055	0.021505376344086023	0.03225806451612903
INCOV135	COVID-19	175.0	128.0	73.14285714285714	5	0	5	7	0.04	0	0.0	7	0.04	['FLNGSCGSV', 'HLVDFQVTI', 'NLNESLIDL', 'RQLLFVVEV', 'VLWAHGFEL']	2	1.4	0.0	1.4	0.0546875	0.0	0.0546875
INCOV135	COVID-19	98.0	71.0	72.44897959183673	2	0	2	3	0.030612244897959176	0	0.0	3	0.030612244897959176	['NLNESLIDL', 'YLNTLTLAV']	1	1.5	0.0	1.5	0.04225352112676056	0.0	0.04225352112676056
INCOV136	COVID-19	109.0	88.0	80.73394495412846	6	2	4	8	0.07339449541284404	2	0.01834862385321101	6	0.05504587155963303	['EILDITPCSF', 'FLNGSCGSV', 'HLVDFQVTI', 'HTTDPSFLGRY', 'RQLLFVVEV', 'TPINLVRDL']	2	1.3333333333333333	1.0	1.5	0.09090909090909091	0.022727272727272728	0.06818181818181818
INCOV136	COVID-19	125.0	100.0	80.0	5	0	5	6	0.048	0	0.0	6	0.048	['FLNGSCGSV', 'HLVDFQVTI', 'TPINLVRDL', 'VLWAHGFEL', 'YLNTLTLAV']	1	1.2	0.0	1.2	0.06	0.0	0.06
INCOV137	COVID-19	221.0	149.0	67.42081447963801	6	3	3	10	0.04524886877828054	4	0.01809954751131222	6	0.02714932126696833	['EILDITPCSF', 'FLNGSCGSV', 'HLVDFQVTI', 'HTTDPSFLGRY', 'VLWAHGFEL', 'WICLLQFAY']	2	1.6666666666666667	1.3333333333333333	2.0	0.06711409395973154	0.026845637583892617	0.040268456375838924
INCOV137	COVID-19	174.0	125.0	71.83908045977013	3	1	2	3	0.017241379310344827	1	0.005747126436781609	2	0.011494252873563218	['HTTDPSFLGRY', 'RQLLFVVEV', 'YLNTLTLAV']	1	1.0	1.0	1.0	0.024	0.008	0.016
INCOV141	COVID-19	602.0	482.0	80.06644518272425	10	4	6	32	0.06976744186046513	10	0.016611295681063124	22	0.05315614617940199	['EILDITPCSF', 'FLNGSCGSV', 'FPPTSFGPL', 'HLVDFQVTI', 'HTTDPSFLGRY', 'NLNESLIDL', 'VLWAHGFEL', 'WICLLQFAY', 'YLNTLTLAV', 'YLQPRTFLL']	2	3.2	2.5	3.6666666666666665	0.06639004149377593	0.02074688796680498	0.04564315352697095
INCOV141	COVID-19	198.0	181.0	91.41414141414141	5	2	3	6	0.03535353535353536	2	0.010101010101010102	4	0.025252525252525256	['EILDITPCSF', 'FPPTSFGPL', 'HLVDFQVTI', 'TPINLVRDL', 'YLQPRTFLL']	1	1.2	1.0	1.3333333333333333	0.03314917127071823	0.011049723756906077	0.022099447513812154
INCOV142	COVID-19	35.0	32.0	91.42857142857143	3	1	2	3	0.0857142857142857	1	0.028571428571428567	2	0.057142857142857134	['EILDITPCSF', 'HLVDFQVTI', 'TPINLVRDL']	2	1.0	1.0	1.0	0.09375	0.03125	0.0625
INCOV142	COVID-19	31.0	30.0	96.77419354838709	3	1	2	3	0.0967741935483871	1	0.03225806451612903	2	0.06451612903225806	['EILDITPCSF', 'HLVDFQVTI', 'VLWAHGFEL']	1	1.0	1.0	1.0	0.1	0.03333333333333333	0.06666666666666667
INCOV144	COVID-19	249.0	178.0	71.48594377510041	10	2	8	14	0.05622489959839358	3	0.012048192771084336	11	0.04417670682730924	['FLNGSCGSV', 'FPPTSFGPL', 'FVDGVPFVV', 'HLVDFQVTI', 'HTTDPSFLGRY', 'MPASWVMRI', 'NLNESLIDL', 'RQLLFVVEV', 'VLWAHGFEL', 'YLQPRTFLL']	2	1.4	1.5	1.375	0.07865168539325842	0.016853932584269662	0.06179775280898876
INCOV144	COVID-19	95.0	77.0	81.05263157894737	5	1	4	8	0.08421052631578947	1	0.010526315789473684	7	0.0736842105263158	['FPPTSFGPL', 'HLVDFQVTI', 'HTTDPSFLGRY', 'TPINLVRDL', 'VLWAHGFEL']	1	1.6	1.0	1.75	0.1038961038961039	0.012987012987012988	0.09090909090909091
INCOV145	COVID-19	78.0	36.0	46.153846153846146	1	1	0	2	0.02564102564102564	2	0.02564102564102564	0	0.0	['EILDITPCSF']	1	2.0	2.0	0.0	0.05555555555555555	0.05555555555555555	0.0
INCOV147	COVID-19	234.0	74.0	31.62393162393163	3	0	3	4	0.04700854700854701	0	0.0	4	0.04700854700854701	['HLVDFQVTI', 'VLWAHGFEL', 'YLNTLTLAV']	2	1.3333333333333333	0.0	1.3333333333333333	0.05405405405405406	0.0	0.05405405405405406
INCOV147	COVID-19	112.0	47.0	41.964285714285715	2	0	2	3	0.05357142857142856	0	0.0	3	0.05357142857142856	['HLVDFQVTI', 'YLNTLTLAV']	1	1.5	0.0	1.5	0.06382978723404255	0.0	0.06382978723404255
