patient_id	disease_status	disease_severity	critical_disease	day	week	total_count	unique_TCRs	%unique_TCRs	Frac_CoV_TCRs	Frac_SARS-CoV-2_only_TCRs	N_CoV_TCRs	%CoV-common_TCRs	N_SARS-CoV-2_only_TCRs	%SC2-unique_TCRs	N_SARS-CoV-2_TCRs	%allSC2_TCRs	N_CoV_Eps	scaled_N_CoV-common_Eps	%CoV-common_Eps	N_SARS-CoV-2_only_Eps	scaled_N_SC2-unique_Eps	%SC2-unique_Eps	Frac_SARS-CoV-2_TCRs	N_SARS-CoV-2_Eps	all_SARS-CoV-2_epitopes	source
6	active	moderate	No	18	3	103662	13701	13.216993691034324	0.23385618645212317	0.5243335410586838	3	0.02189621195533173	6	0.04379242391066346	9	0.06568863586599519	2	0.9333625282826071	0.014597474636887818	4	1.8667250565652143	0.029194949273775635	0.5257537294147475	6	['HTTDPSFLGRY', 'ILHCANFNV', 'NLDSKVGGNY', 'TPINLVRDL', 'VLWAHGFEL', 'YLQPRTFLL']	IR
6	recovered	moderate	No	23	4	117083	12221	10.437894485108854	0.06089697052518298	0.22476303398394007	2	0.016365272890925455	3	0.024547909336388184	5	0.04091318222731364	1	0.5231977743228868	0.008182636445462728	3	1.5695933229686605	0.024547909336388184	0.2135766573682592	4	['FLNGSCGSV', 'HTTDPSFLGRY', 'NLDSKVGGNY', 'YLQPRTFLL']	IR
7	active	moderate	No	20	3	147800	23904	16.173207036535857	0.2074357239512855	0.04492874421828087	7	0.02928380187416332	2	0.008366800535475234	9	0.03765060240963856	6	1.7155889455325999	0.026831231553528307	2	0.5349732262382865	0.008366800535475234	0.10122443728677888	8	['EILDITPCSF', 'FLNGSCGSV', 'HLVDFQVTI', 'ILHCANFNV', 'KTSVDCTMYI', 'MPASWVMRI', 'TPINLVRDL', 'YLNTLTLAV']	IR
7	active	moderate	No	23	4	81485	9493	13.935701702877276	0.7525065963060685	0.02888353187386926	8	0.08616975441619991	2	0.021068155482987464	8	0.08616975441619991	7	4.820982335200345	0.07539853511417492	1	0.6735489307911092	0.010534077741493732	0.2255706269277937	7	['FLNGSCGSV', 'HLVDFQVTI', 'ILHCANFNV', 'KAYNVTQAF', 'MPASWVMRI', 'SSNVANYQK', 'YLNTLTLAV']	IR
11	recovered	mild	No	37	6	50177	9741	19.413276999422045	0.17051637204296785	0.4852498976960295	4	0.04106354583718304	4	0.04106354583718304	8	0.08212709167436608	4	2.6256031208294837	0.04106354583718304	2	1.3128015604147418	0.02053177291859152	0.4728028132523543	6	['FLNGSCGSV', 'FVDGVPFVV', 'HTTDPSFLGRY', 'KLSYGIATV', 'VLWAHGFEL', 'YLQPRTFLL']	IR
12	recovered	mild	No	31	5	45269	5974	13.196668802049969	0.173253219642581	0.06519515091722726	2	0.03347840642785403	2	0.03347840642785403	4	0.06695681285570806	2	2.140609306996987	0.03347840642785403	1	1.0703046534984935	0.016739203213927016	0.10858971674487934	3	['HTTDPSFLGRY', 'KLSYGIATV', 'MPASWVMRI']	IR
13	recovered	mild	No	36	6	232656	21670	9.314180592806547	0.08580909153428237	0.1099395695199078	5	0.023073373327180433	3	0.01384402399630826	8	0.03691739732348869	4	1.1802491924319336	0.018458698661744346	3	0.8851868943239501	0.01384402399630826	0.12126108206905975	7	['FLNGSCGSV', 'HTTDPSFLGRY', 'ILHCANFNV', 'ITEEVGHTDLMAAY', 'MPASWVMRI', 'TPINLVRDL', 'VLWAHGFEL']	IR
14	recovered	mild	No	38	6	224739	20562	9.149279831270942	0.40291627176413525	0.10286896242825544	8	0.03890672113607626	4	0.01945336056803813	11	0.053496741562104856	5	1.5548098434004474	0.02431670071004766	3	0.9328859060402684	0.014590020426028597	0.19685827108741918	8	['FLNGSCGSV', 'FLPRVFSAV', 'HLVDFQVTI', 'HTTDPSFLGRY', 'ILHCANFNV', 'NLDSKVGGNY', 'TPINLVRDL', 'YLNTLTLAV']	IR
16	recovered	mild	No	38	6	251777	7334	2.912895141335388	0.10761110029907417	0.0	1	0.013635124079629125	0	0.0	1	0.013635124079629125	1	0.8718298336514863	0.013635124079629125	0	0.0	0.0	0.03225739611853034	1	['FLNGSCGSV']	IR
17	recovered	mild	No	39	6	241379	17214	7.131523454815871	0.2156318486695197	0.005094545795325956	6	0.03485535029627048	1	0.005809225049378413	7	0.04066457534564889	5	1.8572092482862785	0.029046125246892065	1	0.37144184965725574	0.005809225049378413	0.06906481998474845	6	['FLNGSCGSV', 'HLVDFQVTI', 'ILHCANFNV', 'TLDSKTQSL', 'VLWAHGFEL', 'YLNTLTLAV']	IR
18	recovered	mild	No	39	6	205546	9657	4.698218403666333	0.25669193270606083	0.0682025756406927	7	0.0724862793828311	1	0.010355182768975872	8	0.08284146215180697	4	2.6484415449932692	0.04142073107590349	1	0.6621103862483173	0.010355182768975872	0.13621471661255913	5	['FLNGSCGSV', 'FVDGVPFVV', 'HTTDPSFLGRY', 'ILHCANFNV', 'YLNTLTLAV']	IR
19	active	moderate	No	9	2	153813	10295	6.693192382958528	0.10198097690052203	0.14710577909118028	2	0.01942690626517727	4	0.03885381253035454	6	0.05828071879553181	1	0.6210781932977173	0.009713453132588635	4	2.484312773190869	0.03885381253035454	0.15840670988541697	5	['EILDITPCSF', 'HTTDPSFLGRY', 'ILHCANFNV', 'NLDSKVGGNY', 'TPINLVRDL']	IR
20	active	moderate	No	24	4	154706	9254	5.981668455004977	0.0	0.32430822254355585	0	0.0	3	0.03241841365895829	3	0.03241841365895829	0	0.0	0.0	2	1.3818889129025287	0.02161227577263886	0.28182841311179435	2	['NLDSKVGGNY', 'TPINLVRDL']	IR
21	active	moderate	No	20	3	161562	6520	4.035602431264778	0.3442269840680357	0.08829248144085744	5	0.07668711656441718	1	0.015337423312883436	6	0.09202453987730061	4	3.9226993865030675	0.06134969325153374	1	0.9806748466257669	0.015337423312883436	0.17991254741780552	5	['FLPRVFSAV', 'HLVDFQVTI', 'HTTDPSFLGRY', 'ILHCANFNV', 'MPASWVMRI']	IR
23	active	moderate	No	23	4	113730	696	0.6119757319968346	0.0	0.0	0	0.0	0	0.0	0	0.0	0	0.0	0.0	0	0.0	0.0	0.0	0	[]	IR
24	active	moderate	No	20	3	225404	8016	3.5562811662614684	0.506113467374137	0.0	3	0.0374251497005988	0	0.0	3	0.0374251497005988	2	1.595309381237525	0.0249500998003992	0	0.0	0.0	0.15171206829627476	2	['FLNGSCGSV', 'MPASWVMRI']	IR
26	recovered	mild	No	45	7	243824	18819	7.718272196338343	0.1929998687577925	0.16441676638344657	6	0.03188267176789415	4	0.02125511451192943	10	0.05313778627982358	4	1.359052021892768	0.02125511451192943	3	1.019289016419576	0.015941335883947076	0.20073393392047276	7	['FLPRVFSAV', 'HLVDFQVTI', 'HTTDPSFLGRY', 'ILHCANFNV', 'KPLEFGATSAAL', 'MPASWVMRI', 'TPINLVRDL']	IR
27	recovered	mild	No	45	7	186983	15591	8.33819117245953	0.7168780049523219	0.15915423403531662	8	0.051311654159450965	4	0.025655827079725482	12	0.07696748123917645	5	2.0505419793470594	0.032069783849656856	4	1.6404335834776473	0.025655827079725482	0.35319790689716246	9	['ALSKGVHFV', 'FLNGSCGSV', 'FVDGVPFVV', 'HLVDFQVTI', 'ILHCANFNV', 'MPASWVMRI', 'NLDSKVGGNY', 'TPINLVRDL', 'YLQPRTFLL']	IR
28	recovered	mild	No	52	8	207483	34579	16.6659437158707	0.22336769759450167	0.05926829521117314	7	0.020243500390410365	1	0.0028919286272014806	8	0.023135429017611845	5	0.9245495821163133	0.014459643136007403	1	0.18490991642326268	0.0028919286272014806	0.11846146159743075	6	['FLNGSCGSV', 'HLVDFQVTI', 'ILHCANFNV', 'MPASWVMRI', 'TPINLVRDL', 'YLDAYNMMI']	IR
29	recovered	mild	No	51	8	180039	28651	15.913774237804033	0.38810479951566046	0.040981666289969965	12	0.04188335485672402	2	0.006980559142787337	14	0.04886391399951136	7	1.5621793305643783	0.02443195699975568	2	0.44633695158982234	0.006980559142787337	0.1519515529068858	9	['FLNGSCGSV', 'FLPRVFSAV', 'FPPTSFGPL', 'FVDGVPFVV', 'HLVDFQVTI', 'ILHCANFNV', 'TPINLVRDL', 'VLWAHGFEL', 'YLQPRTFLL']	IR
32	recovered	mild	No	34	5	123000	19882	16.164227642276423	0.13912195121951215	0.27993543371414276	6	0.030178050497937835	3	0.015089025248968917	9	0.04526707574690675	4	1.28638969922543	0.020118700331958554	1	0.3215974248063575	0.0050296750829896385	0.2849708920187794	5	['FLNGSCGSV', 'HLVDFQVTI', 'ILHCANFNV', 'MPASWVMRI', 'TPINLVRDL']	IR
33	recovered	mild	No	39	6	242458	28239	11.64696566003184	0.482277342880004	0.0	10	0.03541201883919402	0	0.0	10	0.03541201883919402	7	1.5849711392046462	0.024788413187435816	0	0.0	0.0	0.14456697538670563	7	['FLNGSCGSV', 'FPPTSFGPL', 'ILHCANFNV', 'KLSYGIATV', 'MPASWVMRI', 'QECVRGTTVL', 'YLNTLTLAV']	IR
34	recovered	mild	No	39	6	193187	17578	9.098955933887892	0.32847448327268397	0.003819251925429715	5	0.028444646717487768	1	0.005688929343497554	6	0.03413357606098532	4	1.4550005688929344	0.022755717373990215	1	0.3637501422232336	0.005688929343497554	0.10178216727469126	5	['FLNGSCGSV', 'FLPRVFSAV', 'ILHCANFNV', 'QECVRGTTVL', 'YFPLQSYGF']	IR
35	recovered	mild	No	47	7	159895	12664	7.920197629694487	0.10702023202726786	0.04768280115754653	6	0.047378395451674035	1	0.007896399241945672	7	0.05527479469361971	5	2.524478837650032	0.039481996209728365	1	0.5048957675300063	0.007896399241945672	0.07351730382922951	6	['FLNGSCGSV', 'FLPRVFSAV', 'FVDGVPFVV', 'HLVDFQVTI', 'HTTDPSFLGRY', 'VLWAHGFEL']	IR
38	recovered	mild	No	50	8	147177	11653	7.917677354477942	0.05328957649632755	0.0	1	0.008581481163648846	0	0.0	1	0.008581481163648846	1	0.5486999056037072	0.008581481163648846	0	0.0	0.0	0.01597403031149521	1	['VLWAHGFEL']	IR
39	active	moderate	No	1	1	121953	6922	5.6759571310258865	0.1286233220994973	0.02823387562982423	2	0.02889338341519792	1	0.01444669170759896	3	0.04334007512279688	2	1.847442935567755	0.02889338341519792	1	0.9237214677838775	0.01444669170759896	0.06309163435509617	3	['FLNGSCGSV', 'FLPRVFSAV', 'TPINLVRDL']	IR
imseq12	active	moderate	No	9	2	270648	6923	2.557935030002069	1.0	0.277596196293608	11	0.2284527518172378	58	0.9138110072689511	65	1.1214953271028036	5	6.639667705088266	0.10384215991692627	3	3.9838006230529595	0.06230529595015576	0.31993528743826377	8	['ALSKGVHFV', 'FLNGSCGSV', 'FLPRVFSAV', 'FPPTSFGPL', 'HTTDPSFLGRY', 'MPASWVMRI', 'VLWAHGFEL', 'YLQPRTFLL']	IMSEQ
imseq13	active	moderate	No	11	2	396973	10791	2.7183400853234096	0.15154274316923225	0.00983580279118357	5	0.04633490872022982	2	0.02727024815925825	6	0.055601890464275786	2	1.7436596673029725	0.02727024815925825	2	1.7436596673029725	0.02727024815925825	0.014678238417066483	4	['FPPTSFGPL', 'HTTDPSFLGRY', 'ILHCANFNV', 'YFPLQSYGF']	IMSEQ
imseq15	active	moderate	No	14	2	218920	5441	2.4853827882331445	0.2282376421313019	0.08187891647813125	7	0.12865282117257856	20	0.3675794890645102	27	0.49623231023708875	4	4.700606506156957	0.07351589781290203	2	2.3503032530784784	0.03675794890645102	0.09294160735419968	6	['FLNGSCGSV', 'FPPTSFGPL', 'HTTDPSFLGRY', 'ILHCANFNV', 'KLSYGIATV', 'YLQPRTFLL']	IMSEQ
imseq15	active	moderate	No	20	3	157961	4892	3.0969669728603892	0.06778226173646561	0.3027717461188669	4	0.08176614881439084	32	0.6541291905151267	36	0.7358953393295176	3	3.921095666394113	0.06132461161079313	1	1.3070318887980377	0.02044153720359771	0.302547811229744	4	['FLNGSCGSV', 'FPPTSFGPL', 'HTTDPSFLGRY', 'ILHCANFNV']	IMSEQ
imseq20	active	moderate	No	16	3	307811	4181	1.938663847466429	0.24590484220711858	0.0	4	0.10946907498631636	0	0.0	4	0.10946907498631636	2	3.05859842143028	0.04783544606553456	0	0.0	0.0	0.01297750821632291	2	['FLNGSCGSV', 'HLVDFQVTI']	IMSEQ
imseq22	active	moderate	No	16	3	316833	7711	2.4337742596257335	0.9554139441769562	0.015017437254652165	8	0.10374789262093113	7	0.09077940604331475	15	0.1945272986642459	5	4.146025158863961	0.06484243288808196	3	2.487615095318376	0.038905459732849174	0.066321925594303	8	['FLNGSCGSV', 'FPPTSFGPL', 'HTTDPSFLGRY', 'RQLLFVVEV', 'TPINLVRDL', 'VLWAHGFEL', 'YLDAYNMMI', 'YLQPRTFLL']	IMSEQ
imseq22	active	moderate	No	23	4	397411	10620	2.6722964386994823	0.4995230534835021	0.01121658677240093	10	0.09416195856873823	7	0.06591337099811675	17	0.160075329566855	5	3.0103578154425614	0.047080979284369114	4	2.408286252354049	0.03766478342749529	0.03782600786427878	9	['EILDITPCSF', 'FLNGSCGSV', 'FPPTSFGPL', 'HTTDPSFLGRY', 'NLNESLIDL', 'RQLLFVVEV', 'TPINLVRDL', 'YLDAYNMMI', 'YLQPRTFLL']	IMSEQ
imseq27	active	moderate	No	7	1	283688	6394	2.25388454922309	0.3144523836819825	0.06354292996951279	9	0.14075695964967155	35	0.5473881764153894	44	0.688145136065061	4	4.0	0.06255864873318737	3	3.0	0.046918986549890525	0.07949827021389891	7	['FADDLNQLTGY', 'FLNGSCGSV', 'FPPTSFGPL', 'HLVDFQVTI', 'HTTDPSFLGRY', 'KLPDDFTGCV', 'YLQPRTFLL']	IMSEQ
imseq27	active	moderate	No	14	2	297148	5435	1.8290548817424312	0.0598654950055155	0.5988027279472175	3	0.05519779208831647	77	1.4167433302667893	80	1.4719411223551058	4	4.705795768169273	0.07359705611775529	3	3.5293468261269547	0.05519779208831647	0.5946924770495113	7	['FADDLNQLTGY', 'FLNGSCGSV', 'FPPTSFGPL', 'HLVDFQVTI', 'HTTDPSFLGRY', 'ILHCANFNV', 'YLQPRTFLL']	IMSEQ
imseq28	active	severe	No	6	1	185076	3001	1.6214960340616826	0.11848089248975315	0.0	3	0.09996667777407531	0	0.0	3	0.09996667777407531	2	4.261246251249584	0.06664445184938354	0	0.0	0.0	0.006062699461223092	2	['FPPTSFGPL', 'FVDGVPFVV']	IMSEQ
imseq28	active	severe	No	13	2	212354	3419	1.6100473737250063	0.006759348386508016	0.0	1	0.029248318221702253	0	0.0	1	0.029248318221702253	1	1.870137467095642	0.029248318221702253	0	0.0	0.0	0.0	1	['FPPTSFGPL']	IMSEQ
imseq5	active	moderate	No	11	2	421490	7452	2.6999804349243846	0.24743431009620942	1.0	7	0.0939345142243693	41	0.5501878690284487	48	0.644122383252818	5	7.729223330311272	0.12088244182532487	3	2.574074074074074	0.040257648953301126	0.9996331961024166	8	['FLNGSCGSV', 'FLPRVFSAV', 'FPPTSFGPL', 'HTTDPSFLGRY', 'ILHCANFNV', 'MPASWVMRI', 'NLDSKVGGNY', 'YLQPRTFLL']	IMSEQ
1	active	fatal	Yes	2	1	111024	1546	1.5868779766792578	0.014637050418787982	0.0	1	0.0646830530401035	0	0.0	1	0.0646830530401035	1	4.135834411384217	0.0646830530401035	0	0.0	0.0	0.0043875876378322515	1	['FLNGSCGSV']	IR
1	active	fatal	Yes	8	2	111009	2047	2.428895190858716	0.45602608797484884	0.0	1	0.051203277009728626	0	0.0	1	0.051203277009728626	1	3.2739375320020483	0.051203277009728626	0	0.0	0.0	0.1366979253934366	1	['MPASWVMRI']	IR
1	active	fatal	Yes	23	4	195085	1174	0.6017889637850168	0.0	0.0	0	0.0	0	0.0	0	0.0	0	0.0	0.0	0	0.0	0.0	0.0	0	[]	IR
2	active	fatal	Yes	5	1	111155	10804	9.719760694525663	0.33355224686248924	0.004425230964077132	4	0.037023324694557574	1	0.009255831173639394	5	0.04627915586819696	4	2.367271380970011	0.037023324694557574	1	0.5918178452425028	0.009255831173639394	0.10383087694445202	5	['HLVDFQVTI', 'KPLEFGATSAAL', 'MPASWVMRI', 'VLWAHGFEL', 'YLNTLTLAV']	IR
2	active	fatal	Yes	11	2	126924	5478	4.315968611137373	0.45508118174744033	0.0	2	0.04457321149988857	0	0.0	2	0.04457321149988857	2	2.850011143302875	0.04457321149988857	0	0.0	0.0	0.13641468124494566	2	['ILHCANFNV', 'VLWAHGFEL']	IR
3	active	fatal	Yes	5	1	107500	7135	6.637209302325581	0.6831534883720932	0.0025145002955321207	3	0.04204625087596356	1	0.024236548715462918	3	0.048473097430925836	3	2.68843728100911	0.04204625087596356	1	1.549684924866699	0.024236548715462918	0.20478140845070433	3	['FLPRVFSAV', 'VLWAHGFEL', 'YLNTLTLAV']	IR
5	active	critical	Yes	20	3	100212	5468	5.456432363389614	0.02845966550912066	0.093260731333851	1	0.018288222384784197	1	0.018288222384784197	2	0.036576444769568395	1	1.1693489392831016	0.018288222384784197	1	1.1693489392831016	0.018288222384784197	0.08957593001428522	2	['FVDGVPFVV', 'NLDSKVGGNY']	IR
5	active	critical	Yes	26	4	126256	6186	4.899569129387911	0.09035610188822708	0.0	1	0.016165535079211122	0	0.0	1	0.016165535079211122	1	1.033624312964759	0.016165535079211122	0	0.0	0.0	0.027085055001151253	1	['MPASWVMRI']	IR
5	active	critical	Yes	32	5	177821	4078	5.187371206146488	0.38092451726155635	0.35351960148800005	4	0.0980872976949485	1	0.024521824423737126	5	0.12260912211868563	5	7.839627268268759	0.12260912211868563	1	1.567925453653752	0.024521824423737126	0.4213990662882323	6	['FLNGSCGSV', 'ILHCANFNV', 'KLSYGIATV', 'MPASWVMRI', 'NLDSKVGGNY', 'VLWAHGFEL']	IR
5	active	critical	Yes	39	6	166547	8071	4.84607948507028	0.43697074736238606	1.0	3	0.04611128189363664	3	0.037170115227357206	5	0.0768521364893944	3	2.948355364279127	0.04611128189363664	3	2.3766571676372195	0.037170115227357206	1.0	5	['HLVDFQVTI', 'ILHCANFNV', 'MPASWVMRI', 'NLDSKVGGNY', 'TPINLVRDL']	IR
5	active	critical	Yes	46	7	196037	5509	2.810183791835215	0.04000775363834378	0.5357038618110899	1	0.018152114721365038	2	0.036304229442730075	3	0.054456344164095116	1	1.1606462152840806	0.018152114721365038	2	2.3212924305681613	0.036304229442730075	0.4775268853745419	3	['EILDITPCSF', 'FLPRVFSAV', 'TPINLVRDL']	IR
8	active	fatal	Yes	18	3	115790	8391	7.246739787546421	0.22167717419466273	0.004248091785231829	3	0.03575259206292456	1	0.011917530687641521	4	0.047670122750566084	4	3.0480276486711952	0.047670122750566084	1	0.7620069121677988	0.011917530687641521	0.07014138027925738	5	['FLNGSCGSV', 'FLPRVFSAV', 'FVDGVPFVV', 'ILHCANFNV', 'TPINLVRDL']	IR
8	active	fatal	Yes	24	4	106126	14181	13.362418257542922	0.047029003260275516	0.05561915622697475	2	0.014103377758973273	2	0.014103377758973273	4	0.028206755517946547	2	0.9017699739087511	0.014103377758973273	1	0.45088498695437557	0.007051688879486637	0.06243119725078322	3	['FLNGSCGSV', 'KTSVDCTMYI', 'NLDSKVGGNY']	IR
9	active	fatal	Yes	16	3	136896	4416	3.225806451612903	1.0	0.0	3	0.06793478260869565	0	0.0	3	0.06793478260869565	3	4.34375	0.06793478260869565	0	0.0	0.0	0.29975900282480306	3	['ILHCANFNV', 'KLSYGIATV', 'KTSVDCTMYI']	IR
9	active	fatal	Yes	22	4	161978	5219	3.222042499598711	0.4533887318030845	0.0	2	0.03832151753209427	0	0.0	2	0.03832151753209427	2	2.450277831002108	0.03832151753209427	0	0.0	0.0	0.13590735413729466	2	['FLNGSCGSV', 'FLPRVFSAV']	IR
10	active	critical	Yes	25	4	130525	7712	5.908446657728404	0.021850220264317186	0.23930125099453423	2	0.025933609958506226	3	0.03890041493775934	5	0.06483402489626557	1	0.829097510373444	0.012966804979253113	1	0.829097510373444	0.012966804979253113	0.21450595779233922	2	['HLVDFQVTI', 'HTTDPSFLGRY']	IR
10	active	critical	Yes	31	5	152510	2927	2.0567617831871554	0.12155268506983148	0.041928562858539874	1	0.0341646737273659	1	0.05350454788657036	2	0.0683293474547318	1	2.184489238127776	0.0341646737273659	1	3.4210807918673085	0.05350454788657036	0.07287302333442003	2	['HLVDFQVTI', 'HTTDPSFLGRY']	IR
10	active	critical	Yes	44	7	149006	2746	2.286009223955645	0.04785042213065245	0.03071168569113028	1	0.03855050115651504	1	0.03641660597232338	1	0.03855050115651504	1	2.4649190439475714	0.03855050115651504	1	2.3284777858703567	0.03641660597232338	0.026688887424545615	1	['FPPTSFGPL']	IR
10	active	critical	Yes	51	8	184874	3202	1.731990436729881	0.06556357302811644	0.12638127060089407	3	0.09369144284821987	1	0.03123048094940662	4	0.12492192379762648	3	5.990630855715178	0.09369144284821987	1	1.9968769519050593	0.03123048094940662	0.1294803754426121	4	['FLNGSCGSV', 'FPPTSFGPL', 'HLVDFQVTI', 'NLDSKVGGNY']	IR
25	active	critical	Yes	16	3	270023	8452	3.130103731904319	0.837322884769462	0.650327926024382	4	0.047326076668244205	2	0.023663038334122102	6	0.07098911500236631	4	3.026029342167534	0.047326076668244205	2	1.513014671083767	0.023663038334122102	0.7464018375482153	6	['FLNGSCGSV', 'FPPTSFGPL', 'HLVDFQVTI', 'HTTDPSFLGRY', 'ILHCANFNV', 'YLQPRTFLL']	IR
40	active	critical	Yes	13	2	127651	2077	1.627092619720958	0.0	0.0	0	0.0	0	0.0	0	0.0	0	0.0	0.0	0	0.0	0.0	0.0	0	[]	IR
41	active	critical	Yes	11	2	106212	3490	3.285881068052574	0.0	0.0	0	0.0	0	0.0	0	0.0	0	0.0	0.0	0	0.0	0.0	0.0	0	[]	IR
44	active	critical	Yes	15	3	79980	6878	8.59964991247812	0.08023255813953488	0.187578641013576	2	0.02907822041291073	2	0.02907822041291073	4	0.05815644082582146	2	1.8592614132015122	0.02907822041291073	2	1.8592614132015122	0.02907822041291073	0.18705891261547786	4	['FLNGSCGSV', 'FVDGVPFVV', 'NLDSKVGGNY', 'TLDSKTQSL']	IR
imseq21	active	critical	Yes	7	1	268224	5446	2.0303925077547125	0.2627932107262816	0.005142471223455543	6	0.11017260374586853	3	0.055086301872934264	9	0.1652589056188028	5	5.870363569592361	0.0918105031215571	2	2.3481454278369447	0.03672420124862284	0.018976398626895055	7	['FLNGSCGSV', 'FPPTSFGPL', 'HTTDPSFLGRY', 'KLSYGIATV', 'MPASWVMRI', 'NLNESLIDL', 'YLQPRTFLL']	IMSEQ
imseq21	active	critical	Yes	13	2	335778	7132	2.124022419574838	0.09787538194878757	0.08137085693770048	2	0.028042624789680313	12	0.16825574873808188	14	0.1962983735277622	2	1.7930454290521594	0.028042624789680313	2	1.7930454290521594	0.028042624789680313	0.0853652207505452	4	['FPPTSFGPL', 'HTTDPSFLGRY', 'MPASWVMRI', 'YLQPRTFLL']	IMSEQ
imseq21	active	critical	Yes	21	3	325847	5973	1.8330688942970168	0.08927045694870459	0.45064755410653673	4	0.06696802276912774	32	0.5357441821530219	36	0.6027122049221497	4	4.281935375858028	0.06696802276912774	4	4.281935375858028	0.06696802276912774	0.44986298043375167	8	['EILDITPCSF', 'FADDLNQLTGY', 'FLPRVFSAV', 'FPPTSFGPL', 'HTTDPSFLGRY', 'KLSYGIATV', 'MPASWVMRI', 'YLQPRTFLL']	IMSEQ
imseq24	active	critical	Yes	13	2	146463	946	0.6458969159446413	0.0	0.0062996161210320655	0	0.0	1	0.10570824524312897	1	0.10570824524312897	0	0.0	0.0	1	6.758985200845666	0.10570824524312897	0.0058592526767347695	1	['HTTDPSFLGRY']	IMSEQ
imseq24	active	critical	Yes	26	4	208251	2960	1.4213617221525947	0.009997107780071608	0.0	1	0.033783783783783786	0	0.0	1	0.033783783783783786	1	2.160135135135135	0.033783783783783786	0	0.0	0.0	0.0001757007772179352	1	['FLNGSCGSV']	IMSEQ
imseq25	active	critical	Yes	5	1	201760	3140	1.556304520222046	0.11282644754056927	0.007683166793829663	4	0.12738853503184713	3	0.09554140127388536	7	0.2229299363057325	3	6.10891719745223	0.09554140127388536	2	4.072611464968153	0.06369426751592357	0.01334930619412708	5	['FLNGSCGSV', 'FPPTSFGPL', 'HTTDPSFLGRY', 'ILHCANFNV', 'TPINLVRDL']	IMSEQ
imseq25	active	critical	Yes	12	2	181705	3895	2.1435843812773454	0.06056173044643366	0.011951069666306805	1	0.025673940949935817	6	0.1540436456996149	7	0.1797175866495507	1	1.641591784338896	0.025673940949935817	3	4.924775353016688	0.07702182284980745	0.014731167862050578	4	['FPPTSFGPL', 'HTTDPSFLGRY', 'TPINLVRDL', 'YLQPRTFLL']	IMSEQ
