new_id	patient_id	T-cell_type	study_patient_id	disease_severity	disease_burden	critical_disease	day	week	total_count	unique_TCRs	unique_CDR3s	N_SARS-CoV-2_Eps	N_SARS-CoV-2_only_Eps	N_CoV_Eps	Frac_CoV_in_SARS-CoV-2_Eps	Frac_SARS-CoV-2_only_Eps	N_viral_Eps	N_SARS-CoV-2_TCRs	Frac_SARS-CoV-2_TCRs	N_SARS-CoV-2_only_TCRs	Frac_SARS-CoV-2_only_TCRs	N_CoV_TCRs	Frac_CoV_TCRs	Frac_CoV_in_SARS-CoV-2_TCRs	N_viral_TCRs	Frac_viral_TCRs	N_SARS-CoV-2_crTCRs	Frac_SARS-CoV-2_crTCRs	Frac_SARS-CoV-2_crTCRs_in_SARS-CoV-2_TCRs	Frac_CoV_in_crTCRs	N_SARS-CoV-2_viral_crTCRs	Frac_SARS-CoV-2_viral_crTCRs	Frac_CoV_in_viral_crTCRs	cr_viruses	all_epitopes	all_SARS-CoV-2_epitopes	Hits_SARS-CoV-2	Hits_CoV	Hits	age	comorbidities
27_cd4	27	cd4	imseq27	moderate	medium	No	7	1	293974	7398	7116	2	1	1	0.5	0.5	2	2	0.00047091666130250813	1	0.0003150737374182248	1	0.00015584292388428326	0.3309352517985612	1	8.844319565675876e-05	0	0.0	0.0	0.0	0	0.0	0.0	[]	['FPPTSFGPL', 'FRDYVDRFYKTLRAEQASQE', 'RFYKTLRAEQASQ', 'YLQPRTFLL']	['FPPTSFGPL', 'YLQPRTFLL']	0.00013517166801838335	0.00013517166801838335	0.0002703433360367667		
27_cd8	27	cd8	imseq27	moderate	medium	No	7	1	283688	6394	6168	7	3	4	0.5714285714285714	0.42857142857142855	4	44	0.009896789981998378	35	0.007782222949168991	9	0.002114567032829388	0.2136619082223275	5	0.0008771689452485267	0	0.0	0.0	0.0	0	0.0	0.0	[]	['FADDLNQLTGY', 'FLNGSCGSV', 'FPPTSFGPL', 'GLCTLVAML', 'HLVDFQVTI', 'HTTDPSFLGRY', 'KAFSPEVIPMF', 'KLPDDFTGCV', 'LLWNGPMAV', 'NLVPMVATV', 'YLQPRTFLL']	['FADDLNQLTGY', 'FLNGSCGSV', 'FPPTSFGPL', 'HLVDFQVTI', 'HTTDPSFLGRY', 'KLPDDFTGCV', 'YLQPRTFLL']	0.0054738817641538946	0.0014075695964967157	0.00688145136065061		
5_cd8	5	cd8	imseq13	moderate	medium	No	8	2	396973	10791	10202	3	1	2	0.6666666666666666	0.3333333333333333	0	6	0.0010921174151040224	1	7.305282727036852e-05	5	0.0010190645878336538	0.9331089988493496	0	0.0	0	0.0	0.0	0.0	0	0.0	0.0	[]	['FLNGSCGSV', 'FPPTSFGPL', 'YFPLQSYGF']	['FLNGSCGSV', 'FPPTSFGPL', 'YFPLQSYGF']	9.266981744045964e-05	0.0004633490872022982	0.0005560189046427579	53.0	none
1_cd4	1	cd4	imseq5	moderate	medium	No	9	2	245015	4527	4251	3	1	2	0.6666666666666666	0.3333333333333333	2	9	0.005071410367328737	5	0.004146684896843051	4	0.0009247254704856864	0.1823408881369556	2	0.00035446121894720025	0	0.0	0.0	0.0	0	0.0	0.0	[]	['FLNGSCGSV', 'GTSGSPIVNR', 'HTTDPSFLGRY', 'MPASWVMRI', 'NLVPMVATV']	['FLNGSCGSV', 'HTTDPSFLGRY', 'MPASWVMRI']	0.001104484205875856	0.0008835873647006848	0.0019880715705765406	57.0	none
1_cd8	1	cd8	imseq5	moderate	medium	No	9	2	421490	3309	2979	5	1	4	0.8	0.2	4	17	0.057834081471559336	14	0.05617018429007231	3	0.0016638971814870282	0.02877018427802422	3	0.0009609420870318172	1	0.0007354860139030582	0.012717172905473443	1.0	1	0.0007354860139030582	1.0	['CMV', 'SARS-CoV-2']	['FLNGSCGSV', 'FPPTSFGPL', 'FRDYVDRFYKTLRAEQASQE', 'HTTDPSFLGRY', 'ILHCANFNV', 'MPASWVMRI', 'NLVPMVATV', 'RFYKTLRAEQASQ', 'RLRPGGKKK']	['FLNGSCGSV', 'FPPTSFGPL', 'HTTDPSFLGRY', 'ILHCANFNV', 'MPASWVMRI']	0.0042308854638863705	0.0009066183136899365	0.005137503777576307	57.0	none
3_cd4	3	cd4	imseq12	moderate	medium	No	9	2	182948	14769	14558	5	3	2	0.4	0.6	1	5	0.0006947747259920657	3	0.0005482268911075075	2	0.00014654783488455832	0.21092856346393904	1	5.466034064324289e-05	0	0.0	0.0	0.0	0	0.0	0.0	[]	['EIYKRWII', 'FLNGSCGSV', 'FPPTSFGPL', 'HTTDPSFLGRY', 'KPLEFGATSAAL', 'YLQPRTFLL']	['FLNGSCGSV', 'FPPTSFGPL', 'HTTDPSFLGRY', 'KPLEFGATSAAL', 'YLQPRTFLL']	0.00020312817387771684	0.00013541878258514455	0.0003385469564628614	36.0	obesity
3_cd8	3	cd8	imseq12	moderate	medium	No	9	2	223025	4815	4641	8	3	5	0.625	0.375	2	54	0.02582950203576665	44	0.02283567314759369	11	0.003231470408181927	0.1251077316050167	4	0.001915694922601758	1	0.00023764152000896758	0.009200391075286715	0.0	0	0.0	0.0	[]	['ALSKGVHFV', 'FLNGSCGSV', 'FLPRVFSAV', 'FPPTSFGPL', 'GLCTLVAML', 'HTTDPSFLGRY', 'KRWIILGLNK', 'MPASWVMRI', 'VLWAHGFEL', 'YLQPRTFLL']	['ALSKGVHFV', 'FLNGSCGSV', 'FLPRVFSAV', 'FPPTSFGPL', 'HTTDPSFLGRY', 'MPASWVMRI', 'VLWAHGFEL', 'YLQPRTFLL']	0.009138110072689512	0.002284527518172378	0.01142263759086189	36.0	obesity
2_cd4	2	cd4	imseq5	moderate	medium	No	11	2	67267	839	827	1	1	0	0.0	1.0	0	1	0.008176371772191417	1	0.008176371772191417	0	0.0	0.0	0	0.0	0	0.0	0.0	0.0	0	0.0	0.0	[]	['HTTDPSFLGRY']	['HTTDPSFLGRY']	0.0011918951132300357	0.0	0.0011918951132300357	57.0	none
2_cd8	2	cd8	imseq5	moderate	medium	No	11	2	276002	7452	7104	8	3	5	0.625	0.375	2	48	0.12391887307565284	41	0.12247189345695607	7	0.001446979618696758	0.011676830032285498	2	0.0005833291063108238	1	0.0005253585118948414	0.004239535906480593	1.0	1	0.0005253585118948414	1.0	['CMV', 'SARS-CoV-2']	['FLNGSCGSV', 'FLPRVFSAV', 'FPPTSFGPL', 'HTTDPSFLGRY', 'ILHCANFNV', 'MPASWVMRI', 'NLDSKVGGNY', 'NLVPMVATV', 'TPRVTGGGAM', 'YLQPRTFLL']	['FLNGSCGSV', 'FLPRVFSAV', 'FPPTSFGPL', 'HTTDPSFLGRY', 'ILHCANFNV', 'MPASWVMRI', 'NLDSKVGGNY', 'YLQPRTFLL']	0.0055018786902844875	0.000939345142243693	0.00644122383252818	57.0	none
4_cd4	4	cd4	imseq12	moderate	medium	No	11	2	560616	16487	15440	5	2	3	0.6	0.4	1	6	0.0005220602968908093	2	4.994506043352313e-05	4	0.0004721152364572863	0.9043308584640956	2	7.754662466837518e-05	0	0.0	0.0	0.0	0	0.0	0.0	[]	['FLNGSCGSV', 'FPPTSFGPL', 'GILGFVFTL', 'HTTDPSFLGRY', 'MPASWVMRI', 'NLDSKVGGNY']	['FLNGSCGSV', 'FPPTSFGPL', 'HTTDPSFLGRY', 'MPASWVMRI', 'NLDSKVGGNY']	0.00012130769697337296	0.00024261539394674592	0.00036392309092011886	36.0	obesity
4_cd8	4	cd8	imseq12	moderate	medium	No	11	2	270648	6923	6664	6	3	3	0.5	0.5	3	65	0.03969147420211301	58	0.03399773177652702	8	0.006724601696668737	0.169421817451939	9	0.003767048757823762	1	0.0010308592710827347	0.025971806081918115	0.0	0	0.0	0.0	[]	['ALSKGVHFV', 'FLNGSCGSV', 'FLPRVFSAV', 'FPPTSFGPL', 'GILGFVFTL', 'GLCTLVAML', 'HTTDPSFLGRY', 'TPQDLNTML', 'YLQPRTFLL']	['ALSKGVHFV', 'FLNGSCGSV', 'FLPRVFSAV', 'FPPTSFGPL', 'HTTDPSFLGRY', 'YLQPRTFLL']	0.008377870865231837	0.0011555683952043912	0.009533439260436228	36.0	obesity
6_cd8	6	cd8	imseq13	moderate	medium	No	11	2	269797	7334	7150	4	2	2	0.5	0.5	2	4	0.00186436468900692	2	0.0012046093915054651	2	0.0006597552975014548	0.3538767395626243	2	0.0005226151513916019	0	0.0	0.0	0.0	0	0.0	0.0	[]	['EIYKRWII', 'FPPTSFGPL', 'HTTDPSFLGRY', 'ILHCANFNV', 'KLVALGINAV', 'YFPLQSYGF']	['FPPTSFGPL', 'HTTDPSFLGRY', 'ILHCANFNV', 'YFPLQSYGF']	0.0002727024815925825	0.0002727024815925825	0.000545404963185165	53.0	none
10_cd4	10	cd4	imseq15	moderate	medium	No	14	2	421515	17322	16907	3	2	1	0.3333333333333333	0.6666666666666666	1	7	0.0005930299060384735	4	0.0003320664765045305	3	0.00026096342953394304	0.4400510444358817	1	0.00013905436709720848	0	0.0	0.0	0.0	0	0.0	0.0	[]	['FLNGSCGSV', 'HTTDPSFLGRY', 'KAFSPEVIPMF', 'YLQPRTFLL']	['FLNGSCGSV', 'HTTDPSFLGRY', 'YLQPRTFLL']	0.00023092021706500404	0.00017319016279875303	0.00040411037986375705	61.0	none
10_cd8	10	cd8	imseq15	moderate	medium	No	14	2	218920	5441	5206	6	2	4	0.6666666666666666	0.3333333333333333	4	27	0.01156267317080052	20	0.010027865935280695	7	0.0015348072355198248	0.13273809722441246	3	0.0009318472501370364	1	0.0004156769596199525	0.035949901331611696	1.0	1	0.0004156769596199525	1.0	['CMV', 'DENV1', 'SARS-CoV-2']	['EIYKRWII', 'FLNGSCGSV', 'FPPTSFGPL', 'GTSGSPIVNR', 'HTTDPSFLGRY', 'ILHCANFNV', 'KLSYGIATV', 'NLVPMVATV', 'TPQDLNTML', 'YLQPRTFLL']	['FLNGSCGSV', 'FPPTSFGPL', 'HTTDPSFLGRY', 'ILHCANFNV', 'KLSYGIATV', 'YLQPRTFLL']	0.003675794890645102	0.0012865282117257857	0.004962323102370888	61.0	none
28_cd4	28	cd4	imseq27	moderate	medium	No	14	2	416178	19379	18820	5	2	3	0.6	0.4	1	5	0.00019139187319796943	2	8.807069812384251e-05	3	0.00010332117507412692	0.5398409731183043	1	3.3639452349715744e-05	1	5.526481457453301e-05	0.2887521484121162	1.0	0	0.0	0.0	[]	['FLNGSCGSV', 'FLPRVFSAV', 'HTTDPSFLGRY', 'KLSYGIATV', 'LPRRSGAAGA', 'YLQPRTFLL']	['FLNGSCGSV', 'FLPRVFSAV', 'HTTDPSFLGRY', 'KLSYGIATV', 'YLQPRTFLL']	0.00010320449971618763	0.00015480674957428145	0.00025801124929046907		
28_cd8	28	cd8	imseq27	moderate	medium	No	14	2	297148	5435	5141	7	3	4	0.5714285714285714	0.42857142857142855	5	80	0.07373907550817227	77	0.07333650389888627	3	0.0004025716092860033	0.005459406786858721	4	0.0007504677803653398	1	0.00021201556126913192	0.002875213173043306	1.0	1	0.00021201556126913192	1.0	['CMV', 'DENV1', 'SARS-CoV-2']	['FADDLNQLTGY', 'FLNGSCGSV', 'FPPTSFGPL', 'GILGFVFTL', 'GLCTLVAML', 'GTSGSPIVNR', 'HLVDFQVTI', 'HTTDPSFLGRY', 'ILHCANFNV', 'KAFSPEVIPMF', 'NLVPMVATV', 'YLQPRTFLL']	['FADDLNQLTGY', 'FLNGSCGSV', 'FPPTSFGPL', 'HLVDFQVTI', 'HTTDPSFLGRY', 'ILHCANFNV', 'YLQPRTFLL']	0.014167433302667893	0.0005519779208831647	0.014719411223551058		
12_cd4	12	cd4	imseq20	moderate	medium	No	16	3	321554	6398	6187	0	0	0			1	0	0.0	0	0.0	0	0.0	0.0	1	0.00014305528775882125	0	0.0	0.0	0.0	0	0.0	0.0	[]	['NLVPMVATV']	[]	0.0	0.0	0.0	56.0	hypertension, obesity, stable pulmonary sarcoidosis gr2
12_cd8	12	cd8	imseq20	moderate	medium	No	16	3	215664	4181	4047	2	0	2	1.0	0.0	1	2	0.0001901105423250983	0	0.0	2	0.0001901105423250983	1.0	2	0.0004230509211812535	0	0.0	0.0	0.0	0	0.0	0.0	[]	['FLNGSCGSV', 'HLVDFQVTI', 'HPVGEADYFEY']	['FLNGSCGSV', 'HLVDFQVTI']	0.0	0.00047835446065534564	0.00047835446065534564	56.0	hypertension, obesity, stable pulmonary sarcoidosis gr2
18_cd4	18	cd4	imseq22	moderate	medium	No	16	3	490683	16515	15868	4	2	2	0.5	0.5	0	6	0.0004993040313196097	3	0.00029958241879176576	3	0.00019972161252784386	0.4	0	0.0	1	8.967092807372581e-05	0.17959183673469387	1.0	0	0.0	0.0	[]	['FLNGSCGSV', 'HTTDPSFLGRY', 'ILHCANFNV', 'YLQPRTFLL']	['FLNGSCGSV', 'HTTDPSFLGRY', 'ILHCANFNV', 'YLQPRTFLL']	0.00018165304268846503	0.00018165304268846503	0.00036330608537693006	65.0	none (emfysema on COVID CT, no complaints before)
18_cd8	18	cd8	imseq22	moderate	medium	No	16	3	316833	7711	7401	8	3	5	0.625	0.375	2	15	0.008263992205481612	7	0.0018392139754482828	8	0.00642477823003333	0.7774424358449531	2	0.00044187316346466435	0	0.0	0.0	0.0	0	0.0	0.0	[]	['FLNGSCGSV', 'FPPTSFGPL', 'GILGFVFTL', 'GLCTLVAML', 'HTTDPSFLGRY', 'RQLLFVVEV', 'TPINLVRDL', 'VLWAHGFEL', 'YLDAYNMMI', 'YLQPRTFLL']	['FLNGSCGSV', 'FPPTSFGPL', 'HTTDPSFLGRY', 'RQLLFVVEV', 'TPINLVRDL', 'VLWAHGFEL', 'YLDAYNMMI', 'YLQPRTFLL']	0.0009077940604331475	0.0010374789262093114	0.0019452729866424588	65.0	none (emfysema on COVID CT, no complaints before)
13_cd4	13	cd4	imseq20	moderate	medium	No	19	3	316147	17364	17032	3	1	2	0.6666666666666666	0.3333333333333333	2	6	0.0005434772647031828	1	0.0001265234210667822	5	0.0004169538436364004	0.7671964785208035	2	7.907713816673889e-05	0	0.0	0.0	0.0	0	0.0	0.0	[]	['EILDITPCSF', 'FLNGSCGSV', 'GILGFVFTL', 'MPASWVMRI', 'NLVPMVATV']	['EILDITPCSF', 'FLNGSCGSV', 'MPASWVMRI']	5.759041695461875e-05	0.0002879520847730938	0.0003455425017277125	56.0	hypertension, obesity, stable pulmonary sarcoidosis gr2
13_cd8	13	cd8	imseq20	moderate	medium	No	19	3	307811	3654	3454	1	0	1	1.0	0.0	5	4	0.0016536121191250476	0	0.0	4	0.0016536121191250476	1.0	8	0.0018614207109516766	0	0.0	0.0	0.0	1	0.0002144172885309492	1.0	['HIV', 'SARS-CoV-2']	['EPLPQGQLTAY', 'FLNGSCGSV', 'GILGFVFTL', 'HPVGEADYFEY', 'RAKFKQLL', 'TPQDLNTML']	['FLNGSCGSV']	0.0	0.0010946907498631637	0.0010946907498631637	56.0	hypertension, obesity, stable pulmonary sarcoidosis gr2
9_cd4	9	cd4	imseq15	moderate	medium	No	20	3	313305	14367	14043	2	1	1	0.5	0.5	1	5	0.0005227926737507741	4	0.0004812995600117657	1	4.149311373900832e-05	0.07936820047862593	1	4.149311373900832e-05	0	0.0	0.0	0.0	1	4.149311373900832e-05	1.0	['DENV1', 'SARS-CoV-2']	['GTSGSPIVNR', 'HTTDPSFLGRY', 'ILHCANFNV']	['HTTDPSFLGRY', 'ILHCANFNV']	0.00027841581401823624	6.960395350455906e-05	0.0003480197675227953	61.0	none
9_cd8	9	cd8	imseq15	moderate	medium	No	20	3	157961	4892	4697	4	1	3	0.75	0.25	2	36	0.037536837744723515	32	0.03708102903244642	4	0.00045580871227708105	0.01214297047015244	1	7.596811871284685e-05	1	7.596811871284685e-05	0.0020238284116920733	1.0	1	7.596811871284685e-05	1.0	['CMV', 'DENV1', 'SARS-CoV-2']	['FLNGSCGSV', 'FPPTSFGPL', 'GTSGSPIVNR', 'HTTDPSFLGRY', 'ILHCANFNV', 'NLVPMVATV']	['FLNGSCGSV', 'FPPTSFGPL', 'HTTDPSFLGRY', 'ILHCANFNV']	0.006541291905151268	0.0008176614881439084	0.007358953393295176	61.0	none
19_cd4	19	cd4	imseq22	moderate	medium	No	23	4	407646	9024	8615	2	0	2	1.0	0.0	0	3	0.0005314428652192413	0	0.0	3	0.0005314428652192413	1.0	0	0.0	0	0.0	0.0	0.0	0	0.0	0.0	[]	['FLNGSCGSV', 'MPASWVMRI']	['FLNGSCGSV', 'MPASWVMRI']	0.0	0.0003324468085106383	0.0003324468085106383	65.0	none (emfysema on COVID CT, no complaints before)
19_cd8	19	cd8	imseq22	moderate	medium	No	23	4	397411	10620	10231	9	4	5	0.5555555555555556	0.4444444444444444	2	17	0.004732810193120496	7	0.0013737166201401895	10	0.0033590935729803065	0.7097460992336029	5	0.0009053749894196336	0	0.0	0.0	0.0	0	0.0	0.0	[]	['EILDITPCSF', 'FLNGSCGSV', 'FPPTSFGPL', 'GILGFVFTL', 'GLCTLVAML', 'HTTDPSFLGRY', 'NLNESLIDL', 'RQLLFVVEV', 'TPINLVRDL', 'YLDAYNMMI', 'YLQPRTFLL']	['EILDITPCSF', 'FLNGSCGSV', 'FPPTSFGPL', 'HTTDPSFLGRY', 'NLNESLIDL', 'RQLLFVVEV', 'TPINLVRDL', 'YLDAYNMMI', 'YLQPRTFLL']	0.0006591337099811676	0.0009416195856873823	0.0016007532956685499	65.0	none (emfysema on COVID CT, no complaints before)
25_cd4	25	cd4	imseq25	critical	high	Yes	5	1	193326	10779	10632	0	0	0			2	0	0.0	0	0.0	0	0.0	0.0	2	0.00035691008969305734	0	0.0	0.0	0.0	0	0.0	0.0	[]	['EIYKRWII', 'KRWIILGLNK']	[]	0.0	0.0	0.0		
25_cd8	25	cd8	imseq25	critical	high	Yes	5	1	201760	3140	2985	5	2	3	0.6	0.4	4	7	0.001699684905546347	3	0.0009409719849859293	4	0.0007587129205604183	0.4463844551920271	6	0.00514968279143537	0	0.0	0.0	0.0	1	0.00016356066613798571	1.0	['DENV1', 'SARS-CoV-2']	['FLNGSCGSV', 'FPPTSFGPL', 'GILGFVFTL', 'GLCTLVAML', 'GTSGSPIVNR', 'HTTDPSFLGRY', 'ILHCANFNV', 'NLVPMVATV', 'TPINLVRDL']	['FLNGSCGSV', 'FPPTSFGPL', 'HTTDPSFLGRY', 'ILHCANFNV', 'TPINLVRDL']	0.0009554140127388535	0.0012738853503184713	0.0022292993630573248		
29_cd4	29	cd4	imseq28	severe	medium	No	6	1	395851	2535	2286	1	1	0	0.0	1.0	0	1	4.041924865669153e-05	1	4.041924865669153e-05	0	0.0	0.0	0	0.0	0	0.0	0.0	0.0	0	0.0	0.0	[]	['YLQPRTFLL']	['YLQPRTFLL']	0.0003944773175542406	0.0	0.0003944773175542406		
29_cd8	29	cd8	imseq28	severe	medium	No	6	1	185076	3001	2873	2	0	2	1.0	0.0	1	3	0.0007967368106594201	0	0.0	3	0.0007967368106594201	1.0	1	0.000275562471633275	0	0.0	0.0	0.0	0	0.0	0.0	[]	['FPPTSFGPL', 'FVDGVPFVV', 'TPRVTGGGAM']	['FPPTSFGPL', 'FVDGVPFVV']	0.0	0.000999666777740753	0.000999666777740753		
15_cd4	15	cd4	imseq21	critical	high	Yes	7	1	242713	7046	6908	2	0	2	1.0	0.0	1	3	0.0003946039220721929	0	0.0	3	0.0003946039220721929	1.0	1	7.652434481064252e-05	0	0.0	0.0	0.0	0	0.0	0.0	[]	['FLNGSCGSV', 'KAFSPEVIPMF', 'KEIDRLNEV']	['FLNGSCGSV', 'KEIDRLNEV']	0.0	0.0004257734885041158	0.0004257734885041158	60.0	none
15_cd8	15	cd8	imseq21	critical	high	Yes	7	1	268224	5446	5222	7	2	5	0.7142857142857143	0.2857142857142857	0	9	0.002396987858507488	3	0.0006298081877845097	6	0.001767179670722978	0.7372501552107705	0	0.0	0	0.0	0.0	0.0	0	0.0	0.0	[]	['FLNGSCGSV', 'FPPTSFGPL', 'HTTDPSFLGRY', 'KLSYGIATV', 'MPASWVMRI', 'NLNESLIDL', 'YLQPRTFLL']	['FLNGSCGSV', 'FPPTSFGPL', 'HTTDPSFLGRY', 'KLSYGIATV', 'MPASWVMRI', 'NLNESLIDL', 'YLQPRTFLL']	0.0005508630187293427	0.0011017260374586854	0.0016525890561880279	60.0	none
26_cd4	26	cd4	imseq25	critical	high	Yes	12	2	294805	12520	12276	1	0	1	1.0	0.0	3	1	9.497803632909888e-05	0	0.0	1	9.497803632909888e-05	1.0	2	0.0001594274181238446	0	0.0	0.0	0.0	0	0.0	0.0	[]	['EIYKRWII', 'FRDYVDRFYKTLRAEQASQE', 'MPASWVMRI', 'RFYKTLRAEQASQ']	['MPASWVMRI']	0.0	7.987220447284345e-05	7.987220447284345e-05		
26_cd8	26	cd8	imseq25	critical	high	Yes	12	2	181705	3895	3772	4	3	1	0.25	0.75	3	7	0.0018709236461818691	6	0.0014636701308685866	1	0.0004072535153132825	0.21767511258110106	6	0.002966501950494486	0	0.0	0.0	0.0	0	0.0	0.0	[]	['FPPTSFGPL', 'GILGFVFTL', 'HTTDPSFLGRY', 'NLVPMVATV', 'RFYKTLRAEQASQ', 'TPINLVRDL', 'YLQPRTFLL']	['FPPTSFGPL', 'HTTDPSFLGRY', 'TPINLVRDL', 'YLQPRTFLL']	0.0015404364569961489	0.00025673940949935817	0.001797175866495507		
16_cd4	16	cd4	imseq21	critical	high	Yes	13	2	433177	11041	10470	2	0	2	1.0	0.0	1	2	0.00024239514101625888	0	0.0	2	0.00024239514101625888	1.0	1	0.00014312855945721955	0	0.0	0.0	0.0	0	0.0	0.0	[]	['EIYKRWII', 'FLNGSCGSV', 'KLPDDFTGCV']	['FLNGSCGSV', 'KLPDDFTGCV']	0.0	0.00018114301240829635	0.00018114301240829635	60.0	none
16_cd8	16	cd8	imseq21	critical	high	Yes	13	2	335778	7132	6721	4	2	2	0.5	0.5	1	14	0.010623815880890184	12	0.009965642921375268	2	0.0006581729595149176	0.06195259470740831	1	0.0003484445079784857	0	0.0	0.0	0.0	0	0.0	0.0	[]	['FPPTSFGPL', 'HTTDPSFLGRY', 'LLWNGPMAV', 'MPASWVMRI', 'YLQPRTFLL']	['FPPTSFGPL', 'HTTDPSFLGRY', 'MPASWVMRI', 'YLQPRTFLL']	0.0016825574873808188	0.00028042624789680314	0.001962983735277622	60.0	none
22_cd4	22	cd4	imseq24	critical	high	Yes	13	2	318946	14754	14377	3	1	2	0.6666666666666666	0.3333333333333333	2	7	0.00034928355822486367	2	7.205036586861369e-05	5	0.00027723319235625	0.7937195605920028	2	0.00010973644441378791	1	3.135326983251083e-05	0.08976451680650267	1.0	0	0.0	0.0	[]	['FLNGSCGSV', 'GILGFVFTL', 'ILHCANFNV', 'TPQDLNTML', 'YLQPRTFLL']	['FLNGSCGSV', 'ILHCANFNV', 'YLQPRTFLL']	0.00013555645926528398	0.00033889114816320996	0.00047444760742849397	50.0	none
22_cd8	22	cd8	imseq24	critical	high	Yes	13	2	146463	946	899	1	1	0	0.0	1.0	0	1	0.000771525914394762	1	0.000771525914394762	0	0.0	0.0	0	0.0	0	0.0	0.0	0.0	0	0.0	0.0	[]	['HTTDPSFLGRY']	['HTTDPSFLGRY']	0.0010570824524312897	0.0	0.0010570824524312897	50.0	none
30_cd4	30	cd4	imseq28	severe	medium	No	13	2	267657	5694	5515	2	1	1	0.5	0.5	1	3	0.0006764719641564278	1	0.00021319246838385304	2	0.0004632794957725746	0.6848465573148951	1	0.0002546465594584911	0	0.0	0.0	0.0	0	0.0	0.0	[]	['FLNGSCGSV', 'GILGFVFTL', 'TPINLVRDL']	['FLNGSCGSV', 'TPINLVRDL']	0.00017562346329469617	0.00035124692658939234	0.0005268703898840885		
30_cd8	30	cd8	imseq28	severe	medium	No	13	2	212354	3419	3271	1	0	1	1.0	0.0	1	1	4.545392562828689e-05	0	0.0	1	4.545392562828689e-05	1.0	1	0.000729913258050237	0	0.0	0.0	0.0	0	0.0	0.0	[]	['FPPTSFGPL', 'TPRVTGGGAM']	['FPPTSFGPL']	0.0	0.0002924831822170225	0.0002924831822170225		
23_cd4	23	cd4	imseq24	critical	high	Yes	20	3	272180	19798	19403	2	1	1	0.5	0.5	3	2	8.082886325225954e-05	1	4.041443162612977e-05	1	4.041443162612977e-05	0.5	3	0.00012859137335586744	0	0.0	0.0	0.0	1	4.041443162612977e-05	1.0	['DENV1', 'SARS-CoV-2']	['EIYKRWII', 'GTSGSPIVNR', 'ILHCANFNV', 'NLVPMVATV', 'YLQPRTFLL']	['ILHCANFNV', 'YLQPRTFLL']	5.0510152540660675e-05	5.0510152540660675e-05	0.00010102030508132135	50.0	none
17_cd4	17	cd4	imseq21	critical	high	Yes	21	3	445044	18640	17977	5	1	4	0.8	0.2	0	6	0.0002760400036266334	2	4.943331445879508e-05	4	0.00022660668916783832	0.8209197442061417	0	0.0	0	0.0	0.0	0.0	0	0.0	0.0	[]	['FLPRVFSAV', 'HTTDPSFLGRY', 'MPASWVMRI', 'VLWAHGFEL', 'YLDAYNMMI']	['FLPRVFSAV', 'HTTDPSFLGRY', 'MPASWVMRI', 'VLWAHGFEL', 'YLDAYNMMI']	0.00010729613733905579	0.00021459227467811158	0.0003218884120171674	60.0	none
17_cd8	17	cd8	imseq21	critical	high	Yes	21	3	325847	5973	5611	8	4	4	0.5	0.5	2	36	0.05579196749943326	32	0.05519165923317361	4	0.0006003082662596523	0.01075976154212074	2	0.00015591635998977942	0	0.0	0.0	0.0	0	0.0	0.0	[]	['EILDITPCSF', 'FADDLNQLTGY', 'FLPRVFSAV', 'FPPTSFGPL', 'HTTDPSFLGRY', 'KLSYGIATV', 'LLWNGPMAV', 'MPASWVMRI', 'SFHSLHLLF', 'YLQPRTFLL']	['EILDITPCSF', 'FADDLNQLTGY', 'FLPRVFSAV', 'FPPTSFGPL', 'HTTDPSFLGRY', 'KLSYGIATV', 'MPASWVMRI', 'YLQPRTFLL']	0.005357441821530219	0.0006696802276912774	0.006027122049221497	60.0	none
24_cd4	24	cd4	imseq24	critical	high	Yes	26	4	389850	14473	13936	4	2	2	0.5	0.5	3	6	0.0005186892808490682	2	0.00017955623957932539	4	0.00033913304126974265	0.6538269707725578	3	0.000174423032183892	0	0.0	0.0	0.0	1	6.466850362705956e-05	1.0	['HIV', 'SARS-CoV-2']	['FLNGSCGSV', 'GILGFVFTL', 'HLVDFQVTI', 'HTTDPSFLGRY', 'NLVPMVATV', 'TPQDLNTML', 'YLQPRTFLL']	['FLNGSCGSV', 'HLVDFQVTI', 'HTTDPSFLGRY', 'YLQPRTFLL']	0.00013818835072203412	0.00027637670144406825	0.0004145650521661024	50.0	none
24_cd8	24	cd8	imseq24	critical	high	Yes	26	4	208251	2960	2834	1	0	1	1.0	0.0	1	1	6.722656793964976e-05	0	0.0	1	6.722656793964976e-05	1.0	1	4.321707938977484e-05	0	0.0	0.0	0.0	0	0.0	0.0	[]	['FLNGSCGSV', 'GILGFVFTL']	['FLNGSCGSV']	0.0	0.00033783783783783786	0.00033783783783783786	50.0	none
