patient_id	sample_id	total_count	unique_TCRs	unique_CDR3s	disease_status	disease_severity	disease_burden	critical_disease	day	week	N_SARS-CoV-2_Eps	N_SARS-CoV-2_only_Eps	N_CoV_Eps	Frac_CoV_in_SARS-CoV-2_Eps	Frac_SARS-CoV-2_only_Eps	N_SARS-CoV-2_TCRs	Frac_SARS-CoV-2_TCRs	N_SARS-CoV-2_only_TCRs	Frac_SARS-CoV-2_only_TCRs	N_CoV_TCRs	Frac_CoV_TCRs	Frac_CoV_in_SARS-CoV-2_TCRs	N_SARS-CoV-2_crTCRs	Frac_SARS-CoV-2_crTCRs	Frac_SARS-CoV-2_crTCRs_in_SARS-CoV-2_TCRs	Frac_CoV_in_crTCRs	Hits_SARS-CoV-2	Hits_CoV	Hits	SARShits	SARSsig	ORF1hits	ORF2hits	uniquehits	otherhits	N_viral_TCRs	Frac_viral_TCRs	N_SARS-CoV-2_viral_crTCRs	Frac_SARS-CoV-2_viral_crTCRs	Frac_CoV_in_viral_crTCRs	cr_viruses	all_epitopes	all_SARS-CoV-2_epitopes	patient_sample	type	study
1	Pt-1-1	97424	1546	1513	active	fatal	high	Yes	2	1	1	0	1	1.0	0.0	1	2.0528822466743315e-05	0	0.0	1	2.0528822466743315e-05	1.0	0	0.0	0.0	0.0	0.0	0.000646830530401035	0.000646830530401035	0.0006800408024481469	0	0.0006800408024481469	0.0	0.0	0.0006800408024481469	3	0.00048242732796846777	1	2.0528822466743315e-05	1.0	['HIV', 'SARS-CoV-2']	['FLNGSCGSV', 'GLCTLVAML', 'LLWNGPMAV', 'TPQDLNTML']	['FLNGSCGSV']	1-1	Pt	IR-Binder
1	Pt-1-2	111024	1164	1137	active	fatal	high	Yes	6	1	0	0	0	0.0	0.0	0	0.0	0	0.0	0	0.0	0.0	0	0.0	0.0	0.0	0.0	0.0	0.0	0.000388651379712398	0	0.000388651379712398	0.0	0.0	0.000388651379712398	2	0.0003062400922323102	0	0.0	0.0	[]	['GLCTLVAML']	[]	1-2	Pt	IR-Binder
1	Pt-1-3	84277	2047	2010	active	fatal	high	Yes	8	2	1	0	1	1.0	0.0	1	0.00035596900696512686	0	0.0	1	0.00035596900696512686	1.0	0	0.0	0.0	0.0	0.0	0.0004885197850512947	0.0004885197850512947	0.0006305170239596469	0	0.0006305170239596469	0.0	0.0	0.0006305170239596469	1	0.00026104393844109304	0	0.0	0.0	[]	['GLCTLVAML', 'MPASWVMRI']	['MPASWVMRI']	1-3	Pt	IR-Binder
1	Pt-1-4	111009	1953	1916	active	fatal	high	Yes	14	2	1	0	1	1.0	0.0	1	0.000639587781170896	0	0.0	1	0.000639587781170896	1.0	0	0.0	0.0	0.0	0.0	0.0005120327700972862	0.0005120327700972862	0.0011983223487118035	0	0.0011983223487118035	0.0	0.0	0.0011983223487118035	1	0.00031528975128142765	0	0.0	0.0	[]	['GLCTLVAML', 'MPASWVMRI']	['MPASWVMRI']	1-4	Pt	IR-Binder
1	Pt-1-7	187602	445	442	active	fatal	high	Yes	23	4	0	0	0	0.0	0.0	0	0.0	0	0.0	0	0.0	0.0	0	0.0	0.0	0.0	0.0	0.0	0.0	0.0009404388714733543	0	0.0009404388714733543	0.0	0.0	0.0009404388714733543	1	0.001561817038197887	0	0.0	0.0	[]	['GLCTLVAML']	[]	1-7	Pt	IR-Binder
1	Pt-1-8	195085	1174	1158	active	fatal	high	Yes	27	4	0	0	0	0.0	0.0	0	0.0	0	0.0	0	0.0	0.0	0	0.0	0.0	0.0	0.0	0.0	0.0	0.0014713094654242274	0	0.0012260912211868565	0.0002452182442373713	0.0002452182442373713	0.0012260912211868565	1	0.0005843606633006126	0	0.0	0.0	[]	['GLCTLVAML']	[]	1-8	Pt	IR-Binder
10	Pt-10-1	130525	7712	7657	active	severe	high	Yes	25	4	2	1	1	0.5	0.5	5	0.0010036391495882016	3	0.0009729936793717677	2	3.064547021643364e-05	0.03053435114503817	0	0.0	0.0	0.0	0.0003890041493775933	0.00025933609958506224	0.0006483402489626557	0.0015511892450879006	0	0.0012926577042399173	0.0	0.0006463288521199586	0.000904860392967942	4	0.00018387282129860182	0	0.0	0.0	[]	['GTSGSPIVNR', 'HLVDFQVTI', 'HTTDPSFLGRY', 'NLVPMVATV', 'TPQDLNTML']	['HLVDFQVTI', 'HTTDPSFLGRY']	10-1	Pt	IR-Binder
10	Pt-10-2	152510	2927	2900	active	severe	high	Yes	31	5	2	1	1	0.5	0.5	2	0.00034096124844272514	1	0.00017048062422136254	1	0.00017048062422136254	0.5	0	0.0	0.0	0.0	0.00034164673727365904	0.00034164673727365904	0.0006832934745473182	0.0007784120394395432	0	0.0005189413596263622	0.0	0.0002594706798131811	0.0005189413596263622	2	0.00017048062422136254	0	0.0	0.0	[]	['GTSGSPIVNR', 'HLVDFQVTI', 'HTTDPSFLGRY', 'NLVPMVATV']	['HLVDFQVTI', 'HTTDPSFLGRY']	10-2	Pt	IR-Binder
10	Pt-10-3	90871	1869	1855	active	severe	high	Yes	33	5	1	1	0	0.0	1.0	1	6.6027665591883e-05	1	6.6027665591883e-05	0	0.0	0.0	0	0.0	0.0	0.0	0.0005350454788657035	0.0	0.0005350454788657035	0.0012484394506866415	0	0.0012484394506866415	0.0	0.0004161464835622138	0.0008322929671244277	2	5.5023054659902504e-05	0	0.0	0.0	[]	['GTSGSPIVNR', 'HTTDPSFLGRY', 'TPQDLNTML']	['HTTDPSFLGRY']	10-3	Pt	IR-Binder
10	Pt-10-6	149006	2594	2576	active	severe	high	Yes	44	7	1	0	1	1.0	0.0	1	6.71113914875911e-05	0	0.0	1	6.71113914875911e-05	1.0	0	0.0	0.0	0.0	0.0	0.00038550501156515033	0.00038550501156515033	0.0007562389715149988	0	0.0007562389715149988	0.0	0.0	0.0007562389715149988	3	0.00015435620042145954	0	0.0	0.0	[]	['FPPTSFGPL', 'LLWNGPMAV', 'NLVPMVATV', 'TPQDLNTML']	['FPPTSFGPL']	10-6	Pt	IR-Binder
10	Pt-10-7	120122	2746	2717	active	severe	high	Yes	46	7	1	1	0	0.0	1.0	1	0.00012487304573683422	1	0.00012487304573683422	0	0.0	0.0	0	0.0	0.0	0.0	0.0003641660597232338	0.0	0.0003641660597232338	0.0005188067444876783	0	0.0005188067444876783	0.0	0.0002594033722438392	0.0002594033722438392	1	1.6649739431577897e-05	0	0.0	0.0	[]	['HTTDPSFLGRY', 'LLWNGPMAV']	['HTTDPSFLGRY']	10-7	Pt	IR-Binder
10	Pt-10-8	184874	3202	3176	active	severe	high	Yes	51	8	4	1	3	0.75	0.25	4	0.0006058180165950864	1	0.0005138634962190465	3	9.19545203760399e-05	0.1517857142857143	0	0.0	0.0	0.0	0.0003123048094940662	0.0009369144284821988	0.0012492192379762648	0.0019124521886952825	0	0.0010624734381640456	0.0006374840628984277	0.0006374840628984277	0.0012749681257968554	2	0.0006166361954628558	0	0.0	0.0	[]	['FLNGSCGSV', 'FPPTSFGPL', 'HLVDFQVTI', 'KRWIILGLNK', 'LLWNGPMAV', 'NLDSKVGGNY']	['FLNGSCGSV', 'FPPTSFGPL', 'HLVDFQVTI', 'NLDSKVGGNY']	10-8	Pt	IR-Binder
11	Pt-11-1	50177	9741	9692	recovered	mild	low	No	37	6	6	2	4	0.6666666666666666	0.3333333333333333	8	0.002212168922016063	4	0.001973015525041353	4	0.0002391533969747095	0.10810810810810813	0	0.0	0.0	0.0	0.00041063545837183036	0.00041063545837183036	0.0008212709167436607	0.0010521393500116905	0	0.0008183306055646483	0.00023380874444704232	0.00046761748889408475	0.0005845218611176058	3	0.0007573190904199134	0	0.0	0.0	[]	['FLNGSCGSV', 'FVDGVPFVV', 'HTTDPSFLGRY', 'KLSYGIATV', 'NLVPMVATV', 'RAKFKQLL', 'SFHSLHLLF', 'VLWAHGFEL', 'YLQPRTFLL']	['FLNGSCGSV', 'FVDGVPFVV', 'HTTDPSFLGRY', 'KLSYGIATV', 'VLWAHGFEL', 'YLQPRTFLL']	11-1	Pt	IR-Binder
12	Pt-12-1	45269	5974	5938	recovered	mild	low	No	31	5	3	1	2	0.6666666666666666	0.3333333333333333	4	0.0005080739578961318	2	0.00026508206498928623	2	0.00024299189290684576	0.4782608695652175	0	0.0	0.0	0.0	0.00033478406427854036	0.00033478406427854036	0.0006695681285570807	0.001367287643137925	0	0.0011963766877456845	0.00017091095539224064	0.0005127328661767218	0.0008545547769612033	7	0.000508073957896132	0	0.0	0.0	[]	['GTSGSPIVNR', 'HTTDPSFLGRY', 'KLSYGIATV', 'MPASWVMRI', 'NLVPMVATV', 'RAKFKQLL']	['HTTDPSFLGRY', 'KLSYGIATV', 'MPASWVMRI']	12-1	Pt	IR-Binder
13	Pt-13-1	232656	21670	21458	recovered	mild	low	No	36	6	7	3	4	0.5714285714285714	0.42857142857142855	8	0.0005673612543841553	3	0.00044701189739357685	5	0.00012034935699057837	0.2121212121212121	0	0.0	0.0	0.0	0.0001384402399630826	0.00023073373327180433	0.00036917397323488687	0.0018631060639666415	0	0.0014195093820698222	0.0004435966818968193	0.0006210353546555473	0.0012420707093110945	15	0.00963654494188845	1	3.0087339247644593e-05	1.0	['CMV', 'DENV1', 'HIV', 'SARS-CoV-2']	['ARMILMTHF', 'EIYKRWII', 'EPLPQGQLTAY', 'FLNGSCGSV', 'GLCTLVAML', 'GTSGSPIVNR', 'HTTDPSFLGRY', 'ILHCANFNV', 'ITEEVGHTDLMAAY', 'KAFSPEVIPMF', 'MPASWVMRI', 'NLVPMVATV', 'RAKFKQLL', 'TPINLVRDL', 'TPQDLNTML', 'VLWAHGFEL']	['FLNGSCGSV', 'HTTDPSFLGRY', 'ILHCANFNV', 'ITEEVGHTDLMAAY', 'MPASWVMRI', 'TPINLVRDL', 'VLWAHGFEL']	13-1	Pt	IR-Binder
14	Pt-14-1	224739	20562	20397	recovered	mild	low	No	38	6	8	3	5	0.625	0.375	11	0.000921068439389692	4	0.0004182629628146428	8	0.0005650999603985067	0.6135265700483091	2	0.00017353463350820286	0.18840579710144928	1.0	0.00019453360568038133	0.00038906721136076265	0.0005836008170411437	0.0013295346628679962	0	0.000949667616334283	0.000332383665716999	0.0005223171889838557	0.0008072174738841405	7	0.0011479983447465726	2	0.00013348817962169452	1.0	['CMV', 'Influenza', 'SARS-CoV-2']	['FLNGSCGSV', 'FLPRVFSAV', 'GTSGSPIVNR', 'HLVDFQVTI', 'HTTDPSFLGRY', 'ILHCANFNV', 'KAFSPEVIPMF', 'LPRRSGAAGA', 'NLDSKVGGNY', 'NLVPMVATV', 'TPINLVRDL', 'YLNTLTLAV']	['FLNGSCGSV', 'FLPRVFSAV', 'HLVDFQVTI', 'HTTDPSFLGRY', 'ILHCANFNV', 'NLDSKVGGNY', 'TPINLVRDL', 'YLNTLTLAV']	14-1	Pt	IR-Binder
16	Pt-16-1	251777	7334	7230	recovered	mild	low	No	38	6	1	0	1	1.0	0.0	1	0.00015092720939561597	0	0.0	1	0.00015092720939561597	1.0	0	0.0	0.0	0.0	0.0	0.00013635124079629124	0.00013635124079629124	0.0015762633286972648	1	0.0013908205841446453	9.272137227630972e-05	0.0008344923504867872	0.0007417709782104778	0	0.0	0	0.0	0.0	[]	['FLNGSCGSV']	['FLNGSCGSV']	16-1	Pt	IR-Binder
17	Pt-17-1	241379	17214	17053	recovered	mild	low	No	39	6	6	1	5	0.8333333333333334	0.16666666666666666	7	0.0003231432726127791	1	2.071431234697302e-05	6	0.0003024289602658061	0.935897435897436	0	0.0	0.0	0.0	5.8092250493784134e-05	0.00034855350296270483	0.00040664575345648884	0.0009423097057899696	0	0.0006805570097372003	0.00020940215684221548	0.00015705161763166162	0.0007852580881583081	6	0.0004350005592864334	2	4.9714349632735245e-05	1.0	['DENV3/4', 'SARS-CoV-2']	['ATDALMTGY', 'FLNGSCGSV', 'GTSGSPIINR', 'HLVDFQVTI', 'ILHCANFNV', 'KAFSPEVIPMF', 'NLVPMVATV', 'TLDSKTQSL', 'TPQDLNTML', 'VLWAHGFEL', 'YLNTLTLAV']	['FLNGSCGSV', 'HLVDFQVTI', 'ILHCANFNV', 'TLDSKTQSL', 'VLWAHGFEL', 'YLNTLTLAV']	17-1	Pt	IR-Binder
18	Pt-18-1	205546	9657	9542	recovered	mild	low	No	39	6	5	1	4	0.8	0.2	8	0.0006373269243867553	1	0.0002773101884736264	7	0.00036001673591312883	0.564885496183206	0	0.0	0.0	0.0	0.00010355182768975872	0.0007248627938283111	0.0008284146215180697	0.0010925287839314228	0	0.0009244474325573578	0.00016808135137406504	0.0002521220270610976	0.0008404067568703253	5	0.0002529847333443608	2	9.243672949120877e-05	1.0	['DENV1', 'HIV', 'Influenza', 'SARS-CoV-2']	['FLNGSCGSV', 'FVDGVPFVV', 'GTSGSPIVNR', 'HTTDPSFLGRY', 'ILHCANFNV', 'LPRRSGAAGA', 'NLVPMVATV', 'TPQDLNTML', 'TPRVTGGGAM', 'YLNTLTLAV']	['FLNGSCGSV', 'FVDGVPFVV', 'HTTDPSFLGRY', 'ILHCANFNV', 'YLNTLTLAV']	18-1	Pt	IR-Binder
19	Pt-19-1	153813	10295	10200	active	moderate	medium	No	9	2	5	4	1	0.2	0.8	6	0.0007411597199196428	4	0.0005981288967772557	2	0.00014303082314238717	0.1929824561403509	0	0.0	0.0	0.0	0.0003885381253035454	0.0001942690626517727	0.0005828071879553183	0.000988586321560169	0	0.0006291003864473802	0.00035948593511278884	0.0005392289026691831	0.00044935741889098586	4	0.0004225910683752349	2	0.00014303082314238717	1.0	['Influenza', 'SARS-CoV-2']	['EILDITPCSF', 'GTSGSPIVNR', 'HTTDPSFLGRY', 'ILHCANFNV', 'KRWIILGLNK', 'LPRRSGAAGA', 'NLDSKVGGNY', 'TPINLVRDL']	['EILDITPCSF', 'HTTDPSFLGRY', 'ILHCANFNV', 'NLDSKVGGNY', 'TPINLVRDL']	19-1	Pt	IR-Binder
2	Pt-2-1	111155	10804	10718	active	fatal	high	Yes	5	1	5	1	4	0.8	0.2	5	0.00048580810579820967	1	1.7992892807341102e-05	4	0.00046781521299086855	0.962962962962963	0	0.0	0.0	0.0	9.255831173639392e-05	0.0003702332469455757	0.0004627915586819697	0.0016758675078864349	0	0.001478706624605678	9.858044164037856e-05	0.0001971608832807571	0.001478706624605678	6	0.0011065629076514778	0	0.0	0.0	[]	['GTSGSPIINR', 'HLVDFQVTI', 'KAFSPEVIPMF', 'KPLEFGATSAAL', 'MPASWVMRI', 'NLVPMVATV', 'TPQDLNTML', 'TPRVTGGGAM', 'VLWAHGFEL', 'YLNTLTLAV']	['HLVDFQVTI', 'KPLEFGATSAAL', 'MPASWVMRI', 'VLWAHGFEL', 'YLNTLTLAV']	2-1	Pt	IR-Binder
2	Pt-2-2	126924	5478	5405	active	fatal	high	Yes	9	2	1	0	1	1.0	0.0	1	8.666603636822035e-05	0	0.0	1	8.666603636822035e-05	1.0	0	0.0	0.0	0.0	0.0	0.00018254837531945966	0.00018254837531945966	0.0009172909341079344	0	0.0006115272894052897	0.00015288182235132243	0.00015288182235132243	0.0007644091117566122	2	0.0001024234975260786	1	8.666603636822035e-05	1.0	['HIV', 'SARS-CoV-2']	['FLNGSCGSV', 'LLWNGPMAV', 'TPQDLNTML']	['FLNGSCGSV']	2-2	Pt	IR-Binder
2	Pt-2-3	114373	4487	4426	active	fatal	high	Yes	11	2	2	0	2	1.0	0.0	2	0.0006382625269950075	0	0.0	2	0.0006382625269950075	1.0	0	0.0	0.0	0.0	0.0	0.00044573211499888564	0.00044573211499888564	0.00070859167404783	0	0.0005314437555358724	0.0	0.0001771479185119575	0.0005314437555358724	1	0.0002622996686280853	0	0.0	0.0	[]	['ILHCANFNV', 'TPRVTGGGAM', 'VLWAHGFEL']	['ILHCANFNV', 'VLWAHGFEL']	2-3	Pt	IR-Binder
20	Pt-20-1	154706	9254	9172	active	moderate	medium	No	24	4	2	2	0	0.0	1.0	3	0.0013186301759466345	3	0.0013186301759466345	0	0.0	0.0	0	0.0	0.0	0.0	0.00032418413658958284	0.0	0.00032418413658958284	0.0008424599831508003	1	0.0004680333239726669	0.0003744266591781335	0.0003744266591781335	0.0004680333239726669	5	0.0014026605302961744	0	0.0	0.0	[]	['EIYKRWII', 'HPVGEADYFEY', 'KAFSPEVIPMF', 'LLWNGPMAV', 'NLDSKVGGNY', 'TPINLVRDL', 'TPQDLNTML']	['NLDSKVGGNY', 'TPINLVRDL']	20-1	Pt	IR-Binder
21	Pt-21-1	161562	6520	6464	active	moderate	medium	No	20	3	5	1	4	0.8	0.2	6	0.0008417821022270088	1	0.00035899530830269487	5	0.00048278679392431385	0.5735294117647061	0	0.0	0.0	0.0	0.00015337423312883434	0.0007668711656441718	0.000920245398773006	0.0010730893048765948	0	0.0008346250149040183	0.0001192321449862883	0.0002384642899725766	0.0008346250149040183	1	5.570616852972853e-05	0	0.0	0.0	[]	['FLPRVFSAV', 'HLVDFQVTI', 'HTTDPSFLGRY', 'ILHCANFNV', 'MPASWVMRI', 'SFHSLHLLF']	['FLPRVFSAV', 'HLVDFQVTI', 'HTTDPSFLGRY', 'ILHCANFNV', 'MPASWVMRI']	21-1	Pt	IR-Binder
23	Pt-23-1	113730	696	694	active	moderate	medium	No	23	4	0	0	0	0.0	0.0	0	0.0	0	0.0	0	0.0	0.0	0	0.0	0.0	0.0	0.0	0.0	0.0	0.0	0	0.0	0.0	0.0	0.0	1	0.0011254726105688912	0	0.0	0.0	[]	['KAFSPEVIPMF']	[]	23-1	Pt	IR-Binder
24	Pt-24-1	225404	8016	7886	active	moderate	medium	No	20	3	2	0	2	1.0	0.0	3	0.0007098365601320294	0	0.0	3	0.0007098365601320294	1.0	0	0.0	0.0	0.0	0.0	0.0003742514970059881	0.0003742514970059881	0.0008460236886632825	0	0.0007614213197969543	8.460236886632826e-05	8.460236886632826e-05	0.0007614213197969543	7	0.002120636723394439	0	0.0	0.0	['CMV', 'DENV1', 'HIV']	['ATDALMTGY', 'FLNGSCGSV', 'GLCTLVAML', 'GTSGSPIVNR', 'LLWNGPMAV', 'LPRRSGAAGA', 'MPASWVMRI', 'NLVPMVATV', 'TPQDLNTML']	['FLNGSCGSV', 'MPASWVMRI']	24-1	Pt	IR-Binder
25	Pt-25-1	270023	8452	8308	active	severe	high	Yes	16	3	6	2	4	0.6666666666666666	0.3333333333333333	6	0.003492295100787711	2	0.002644219196142551	4	0.00084807590464516	0.2428419936373277	0	0.0	0.0	0.0	0.000236630383341221	0.000473260766682442	0.000709891150023663	0.0007467020658757156	1	0.0004978013772504768	0.00016593379241682568	0.00016593379241682568	0.0005807682734588897	8	0.02156112627442847	0	0.0	0.0	[]	['FLNGSCGSV', 'FPPTSFGPL', 'GLCTLVAML', 'HLVDFQVTI', 'HTTDPSFLGRY', 'ILHCANFNV', 'KAFSPEVIPMF', 'NLVPMVATV', 'RAKFKQLL', 'TPQDLNTML', 'YLQPRTFLL']	['FLNGSCGSV', 'FPPTSFGPL', 'HLVDFQVTI', 'HTTDPSFLGRY', 'ILHCANFNV', 'YLQPRTFLL']	25-1	Pt	IR-Binder
25	Pt-25-2	182226	5418	5339	active	severe	high	Yes	21	3	1	0	1	1.0	0.0	1	0.0011743658972923733	0	0.0	1	0.0011743658972923733	1.0	0	0.0	0.0	0.0	0.0	0.00018456995201181247	0.00018456995201181247	0.0007496251874062968	1	0.0006246876561719143	0.00012493753123438278	0.0003748125937031484	0.0003748125937031484	3	0.017681340752691715	0	0.0	0.0	[]	['FLPRVFSAV', 'GLCTLVAML', 'KAFSPEVIPMF']	['FLPRVFSAV']	25-2	Pt	IR-Binder
26	Pt-26-1	243824	18819	18558	recovered	mild	low	No	45	7	7	3	4	0.5714285714285714	0.42857142857142855	10	0.0009392020473784368	4	0.0006685149944222063	6	0.00027068705295623074	0.2882096069868996	0	0.0	0.0	0.0	0.00021255114511929435	0.00031882671767894153	0.0005313778627982358	0.0015309539756961056	3	0.0013874270404745958	9.56846234810066e-05	0.0007176346761075495	0.0008133192995885563	8	0.001710250016405276	1	3.691187085766783e-05	1.0	['CMV', 'DENV1', 'DENV3/4', 'HIV', 'SARS-CoV-2']	['FLPRVFSAV', 'GLCTLVAML', 'GTSGSPIINR', 'GTSGSPIVNR', 'HLVDFQVTI', 'HTTDPSFLGRY', 'ILHCANFNV', 'KPLEFGATSAAL', 'LLWNGPMAV', 'MPASWVMRI', 'NLVPMVATV', 'RAKFKQLL', 'TPINLVRDL', 'TPQDLNTML']	['FLPRVFSAV', 'HLVDFQVTI', 'HTTDPSFLGRY', 'ILHCANFNV', 'KPLEFGATSAAL', 'MPASWVMRI', 'TPINLVRDL']	26-1	Pt	IR-Binder
27	Pt-27-1	186983	15591	15402	recovered	mild	low	No	45	7	9	4	5	0.5555555555555556	0.4444444444444444	12	0.0016525566495349845	4	0.0006471176524069032	8	0.0010054389971280813	0.6084142394822007	0	0.0	0.0	0.0	0.00025655827079725484	0.0005131165415945097	0.0007696748123917645	0.0013380909901873324	0	0.0008920606601248885	0.00025487447432139665	0.0003185930929017459	0.0010194978972855866	4	0.00024601166951006243	0	0.0	0.0	[]	['ALSKGVHFV', 'FLNGSCGSV', 'FVDGVPFVV', 'HLVDFQVTI', 'ILHCANFNV', 'KLVALGINAV', 'LLWNGPMAV', 'MPASWVMRI', 'NLDSKVGGNY', 'TPINLVRDL', 'TPRVTGGGAM', 'YLQPRTFLL']	['ALSKGVHFV', 'FLNGSCGSV', 'FVDGVPFVV', 'HLVDFQVTI', 'ILHCANFNV', 'MPASWVMRI', 'NLDSKVGGNY', 'TPINLVRDL', 'YLQPRTFLL']	27-1	Pt	IR-Binder
28	Pt-28-1	207483	34579	34002	recovered	mild	low	No	52	8	6	1	5	0.8333333333333334	0.16666666666666666	8	0.0005542622769094336	1	0.00024098359865627544	7	0.00031327867825315807	0.5652173913043478	0	0.0	0.0	0.0	2.8919286272014807e-05	0.00020243500390410363	0.00023135429017611845	0.0011076923076923078	1	0.0008615384615384615	0.0001846153846153846	0.00021538461538461541	0.0008923076923076924	10	0.0002699016304950285	1	1.9278687892502035e-05	1.0	['DENV1', 'HIV', 'SARS-CoV-2']	['FLNGSCGSV', 'GTSGSPIVNR', 'HLVDFQVTI', 'ILHCANFNV', 'KAFSPEVIPMF', 'LLWNGPMAV', 'LPRRSGAAGA', 'MPASWVMRI', 'NLVPMVATV', 'RAKFKQLL', 'TPINLVRDL', 'TPQDLNTML', 'YLDAYNMMI']	['FLNGSCGSV', 'HLVDFQVTI', 'ILHCANFNV', 'MPASWVMRI', 'TPINLVRDL', 'YLDAYNMMI']	28-1	Pt	IR-Binder
29	Pt-29-1	180039	28651	28242	recovered	mild	low	No	51	8	9	2	7	0.7777777777777778	0.2222222222222222	14	0.0007109570704125215	2	0.00016663056337793477	12	0.000544326507034587	0.7656250000000001	2	7.776092957636956e-05	0.109375	1.0	6.980559142787338e-05	0.0004188335485672402	0.0004886391399951137	0.001434870861622454	0	0.001154896059354658	0.00020998110170084686	0.00034996850283474485	0.0010849023587877092	12	0.0004943373380212066	2	5.5543521125978274e-05	1.0	['DENV1', 'SARS-CoV-2']	['FLNGSCGSV', 'FLPRVFSAV', 'FPPTSFGPL', 'FVDGVPFVV', 'GTSGSPIINR', 'GTSGSPIVNR', 'HLVDFQVTI', 'ILHCANFNV', 'KRWIILGLNK', 'LLWNGPMAV', 'NLVPMVATV', 'TPINLVRDL', 'TPQDLNTML', 'VLWAHGFEL', 'YLQPRTFLL']	['FLNGSCGSV', 'FLPRVFSAV', 'FPPTSFGPL', 'FVDGVPFVV', 'HLVDFQVTI', 'ILHCANFNV', 'TPINLVRDL', 'VLWAHGFEL', 'YLQPRTFLL']	29-1	Pt	IR-Binder
3	Pt-3-1	97810	4126	4096	active	fatal	high	Yes	1	1	2	1	1	0.5	0.5	2	0.0002760453941314795	1	1.0223903486351087e-05	1	0.00026582149064512844	0.962962962962963	0	0.0	0.0	0.0	0.0002423654871546292	0.0002423654871546292	0.0004847309743092584	0.000869187309865276	0	0.000869187309865276	0.0	0.0	0.000869187309865276	2	7.156732440445762e-05	0	0.0	0.0	[]	['FLNGSCGSV', 'GTSGSPIINR', 'HTTDPSFLGRY', 'NLVPMVATV']	['FLNGSCGSV', 'HTTDPSFLGRY']	3-1	Pt	IR-Binder
3	Pt-3-2	107500	7135	7073	active	fatal	high	Yes	5	1	3	0	3	1.0	0.0	3	0.0009581395348837213	0	0.0	3	0.0009581395348837213	1.0	0	0.0	0.0	0.0	0.0	0.00042046250875963563	0.00042046250875963563	0.0010648209769732462	0	0.0009317183548515906	0.0	0.00026620524424331155	0.0007986157327299348	4	0.0014418604651162787	0	0.0	0.0	[]	['FLPRVFSAV', 'NLVPMVATV', 'TPRVTGGGAM', 'VLWAHGFEL', 'YLNTLTLAV']	['FLPRVFSAV', 'VLWAHGFEL', 'YLNTLTLAV']	3-2	Pt	IR-Binder
32	Pt-32-1	123000	19882	19665	recovered	mild	low	No	34	5	5	1	4	0.8	0.2	9	0.0013333333333333335	3	0.0011382113821138214	6	0.00019512195121951218	0.14634146341463414	1	4.878048780487805e-05	0.03658536585365853	1.0	0.00015089025248968916	0.0003017805049793784	0.00045267075746906746	0.0016162922256343947	0	0.0009697753353806368	0.0005926404827326112	0.0007542697052960507	0.0008620225203383439	4	8.130081300813008e-05	0	0.0	0.0	[]	['ARMILMTHF', 'FLNGSCGSV', 'GLCTLVAML', 'HLVDFQVTI', 'ILHCANFNV', 'LLWNGPMAV', 'MPASWVMRI', 'TPINLVRDL', 'TPQDLNTML']	['FLNGSCGSV', 'HLVDFQVTI', 'ILHCANFNV', 'MPASWVMRI', 'TPINLVRDL']	32-1	Pt	IR-Binder
33	Pt-33-1	242458	28239	27767	recovered	mild	low	No	39	6	7	0	7	1.0	0.0	10	0.0006764058104908893	0	0.0	10	0.0006764058104908893	1.0	0	0.0	0.0	0.0	0.0	0.0003541201883919402	0.0003541201883919402	0.0011573262257136845	0	0.0009118327838956305	7.014098337658694e-05	0.00017535245844146736	0.0009819737672722172	2	4.124425673724934e-05	0	0.0	0.0	['CMV', 'HIV']	['FLNGSCGSV', 'FPPTSFGPL', 'ILHCANFNV', 'KLSYGIATV', 'MPASWVMRI', 'NLVPMVATV', 'QECVRGTTVL', 'TPQDLNTML', 'YLNTLTLAV']	['FLNGSCGSV', 'FPPTSFGPL', 'ILHCANFNV', 'KLSYGIATV', 'MPASWVMRI', 'QECVRGTTVL', 'YLNTLTLAV']	33-1	Pt	IR-Binder
34	Pt-34-1	193187	17578	17398	recovered	mild	low	No	39	6	5	1	4	0.8	0.2	6	0.0004762225201488714	1	1.5528995222245805e-05	5	0.0004606935249266256	0.9673913043478262	0	0.0	0.0	0.0	5.688929343497554e-05	0.00028444646717487766	0.00034133576060985316	0.0015024683408456751	0	0.0011805108392358874	0.000214638334406525	0.0003756170852114188	0.0011268512556342565	5	0.001050795343371966	1	1.5528995222245805e-05	1.0	['Influenza', 'SARS-CoV-2']	['FLNGSCGSV', 'FLPRVFSAV', 'HPVGEADYFEY', 'ILHCANFNV', 'LPRRSGAAGA', 'NLVPMVATV', 'QECVRGTTVL', 'YFPLQSYGF']	['FLNGSCGSV', 'FLPRVFSAV', 'ILHCANFNV', 'QECVRGTTVL', 'YFPLQSYGF']	34-1	Pt	IR-Binder
35	Pt-35-1	159895	12664	12492	recovered	mild	low	No	47	7	6	1	5	0.8333333333333334	0.16666666666666666	7	0.00034397573407548714	1	0.0001938772319334564	6	0.00015009850214203069	0.4363636363636362	0	0.0	0.0	0.0	7.896399241945672e-05	0.0004737839545167404	0.0005527479469361971	0.0012328667778664152	0	0.00108782362752919	0.0	7.252157516861267e-05	0.0011603452026978027	5	0.0012508208511835893	0	0.0	0.0	[]	['FLNGSCGSV', 'FLPRVFSAV', 'FVDGVPFVV', 'GLCTLVAML', 'HLVDFQVTI', 'HTTDPSFLGRY', 'NLVPMVATV', 'TPQDLNTML', 'TPRVTGGGAM', 'VLWAHGFEL']	['FLNGSCGSV', 'FLPRVFSAV', 'FVDGVPFVV', 'HLVDFQVTI', 'HTTDPSFLGRY', 'VLWAHGFEL']	35-1	Pt	IR-Binder
38	Pt-38-1	147177	11653	11481	recovered	mild	low	No	50	8	1	0	1	1.0	0.0	1	7.473993898503163e-05	0	0.0	1	7.473993898503163e-05	1.0	0	0.0	0.0	0.0	0.0	8.581481163648846e-05	8.581481163648846e-05	0.0007223693715386468	0	0.0005618428445300586	8.026326350429408e-05	8.026326350429408e-05	0.0006421061080343528	2	0.0006386867513266339	0	0.0	0.0	[]	['KRWIILGLNK', 'NLVPMVATV', 'VLWAHGFEL']	['VLWAHGFEL']	38-1	Pt	IR-Binder
39	Pt-39-1	121953	6922	6838	active	moderate	medium	No	1	1	3	1	2	0.6666666666666666	0.3333333333333333	3	0.00029519569014292387	1	0.0001147983239444704	2	0.00018039736619845348	0.6111111111111109	0	0.0	0.0	0.0	0.0001444669170759896	0.0002889338341519792	0.0004334007512279688	0.0010115058793779238	0	0.0008850676444556834	0.00012643823492224047	0.00012643823492224047	0.0008850676444556834	1	0.0001229982042262183	0	0.0	0.0	[]	['FLNGSCGSV', 'FLPRVFSAV', 'TPINLVRDL', 'TPQDLNTML']	['FLNGSCGSV', 'FLPRVFSAV', 'TPINLVRDL']	39-1	Pt	IR-Binder
40	Pt-40-1	127651	2077	2053	active	severe	high	Yes	13	2	0	0	0	0.0	0.0	0	0.0	0	0.0	0	0.0	0.0	0	0.0	0.0	0.0	0.0	0.0	0.0	0.0005303632988597188	0	0.0005303632988597188	0.0	0.0	0.0005303632988597188	1	0.0003995268348857432	0	0.0	0.0	[]	['EPLPQGQLTAY']	[]	40-1	Pt	IR-Binder
41	Pt-41-1	106212	3490	3440	active	severe	high	Yes	11	2	0	0	0	0.0	0.0	0	0.0	0	0.0	0	0.0	0.0	0	0.0	0.0	0.0	0.0	0.0	0.0	0.000606918875177018	0	0.00040461258345134534	0.00020230629172567267	0.00020230629172567267	0.00040461258345134534	1	0.00028245396000451924	0	0.0	0.0	[]	['LLWNGPMAV']	[]	41-1	Pt	IR-Binder
44	Pt-44-1	79980	6878	6791	active	severe	high	Yes	15	3	4	2	2	0.5	0.5	4	0.0008752188047011754	2	0.0007626906726681673	2	0.00011252813203300826	0.12857142857142856	0	0.0	0.0	0.0	0.00029078220412910734	0.00029078220412910734	0.0005815644082582147	0.0008076457127473415	0	0.0006730380939561179	0.00013460761879122358	0.00013460761879122358	0.0006730380939561179	3	0.0004876219054763692	0	0.0	0.0	[]	['FLNGSCGSV', 'FVDGVPFVV', 'LLWNGPMAV', 'NLDSKVGGNY', 'TLDSKTQSL', 'TPQDLNTML']	['FLNGSCGSV', 'FVDGVPFVV', 'NLDSKVGGNY', 'TLDSKTQSL']	44-1	Pt	IR-Binder
45	Pt-45-1	131143	18130	17923	recovered	asymptomatic	low	No	37	6	6	0	6	1.0	0.0	10	0.0007625264024766858	0	0.0	10	0.0007625264024766858	1.0	1	4.575158414860114e-05	0.06	1.0	0.0	0.0005515719801434088	0.0005515719801434088	0.0010566121677232788	0	0.0009453898342787233	0.0	0.0	0.0010566121677232788	1	1.5250528049533717e-05	0	0.0	0.0	[]	['FLNGSCGSV', 'FLPRVFSAV', 'FVDGVPFVV', 'HLVDFQVTI', 'ILHCANFNV', 'SSNVANYQK', 'TPQDLNTML']	['FLNGSCGSV', 'FLPRVFSAV', 'FVDGVPFVV', 'HLVDFQVTI', 'ILHCANFNV', 'SSNVANYQK']	45-1	Pt	IR-Binder
5	Pt-5-1	100212	5468	5395	active	severe	high	Yes	20	3	2	1	1	0.5	0.5	2	0.00041911148365465214	1	0.00037919610425897097	1	3.991537939568116e-05	0.09523809523809523	0	0.0	0.0	0.0	0.000182882223847842	0.000182882223847842	0.000365764447695684	0.000957090445047057	0	0.000638060296698038	0.000319030148349019	0.0004785452225235285	0.0004785452225235285	4	0.0009180537261006664	0	0.0	0.0	[]	['FVDGVPFVV', 'HPVGEADYFEY', 'NLDSKVGGNY', 'NLVPMVATV', 'TPQDLNTML', 'TPRVTGGGAM']	['FVDGVPFVV', 'NLDSKVGGNY']	5-1	Pt	IR-Binder
5	Pt-5-2	126256	6186	6088	active	severe	high	Yes	26	4	1	0	1	1.0	0.0	1	0.00012672665061462426	0	0.0	1	0.00012672665061462426	1.0	0	0.0	0.0	0.0	0.0	0.00016165535079211123	0.00016165535079211123	0.0011101859561476546	1	0.000971412711629198	0.00013877324451845683	0.0005550929780738273	0.0005550929780738273	3	0.0008791661386389558	0	0.0	0.0	[]	['KRWIILGLNK', 'MPASWVMRI', 'TPQDLNTML', 'TPRVTGGGAM']	['MPASWVMRI']	5-2	Pt	IR-Binder
5	Pt-5-3	72404	1680	1662	active	severe	high	Yes	28	4	0	0	0	0.0	0.0	0	0.0	0	0.0	0	0.0	0.0	0	0.0	0.0	0.0	0.0	0.0	0.0	0.00037425149700598816	1	0.0	0.0	0.00037425149700598816	0.0	2	0.0005524556654328491	0	0.0	0.0	[]	['TPQDLNTML', 'TPRVTGGGAM']	[]	5-3	Pt	IR-Binder
5	Pt-5-4	78614	4078	4026	active	severe	high	Yes	32	5	6	1	5	0.8333333333333334	0.16666666666666666	5	0.0019716589920370413	1	0.0014374030070979725	4	0.0005342559849390693	0.2709677419354839	1	1.2720380593787367e-05	0.0064516129032258064	1.0	0.0002452182442373713	0.0009808729769494849	0.0012260912211868565	0.0018726591760299626	0	0.0016645859342488555	0.00020807324178110696	0.00020807324178110696	0.0016645859342488555	4	0.0005596967461266441	0	0.0	0.0	[]	['FLNGSCGSV', 'HPVGEADYFEY', 'ILHCANFNV', 'KLSYGIATV', 'LLWNGPMAV', 'MPASWVMRI', 'NLDSKVGGNY', 'RLRPGGKKK', 'TPRVTGGGAM', 'VLWAHGFEL']	['FLNGSCGSV', 'ILHCANFNV', 'KLSYGIATV', 'MPASWVMRI', 'NLDSKVGGNY', 'VLWAHGFEL']	5-4	Pt	IR-Binder
5	Pt-5-5	177821	1431	1423	active	severe	high	Yes	35	5	1	0	1	1.0	0.0	1	8.435449131429921e-05	0	0.0	1	8.435449131429921e-05	1.0	0	0.0	0.0	0.0	0.0	0.0006988120195667365	0.0006988120195667365	0.0014461315979754155	0	0.0010845986984815619	0.0003615328994938539	0.0	0.0014461315979754155	0	0.0	0	0.0	0.0	[]	['KTSVDCTMYI']	['KTSVDCTMYI']	5-5	Pt	IR-Binder
5	Pt-5-6	151747	6506	6432	active	severe	high	Yes	39	6	5	2	3	0.6	0.4	5	0.004678840438361219	2	0.0040659782400970035	3	0.0006128621982642162	0.1309859154929578	0	0.0	0.0	0.0	0.00030740854595757766	0.00046111281893636643	0.000768521364893944	0.0018076644974692696	1	0.0009640877319836103	0.0007230657989877079	0.0007230657989877079	0.0010845986984815619	3	0.0006985311076989991	0	0.0	0.0	[]	['HLVDFQVTI', 'HPVGEADYFEY', 'ILHCANFNV', 'LLWNGPMAV', 'MPASWVMRI', 'NLDSKVGGNY', 'TPINLVRDL', 'TPRVTGGGAM']	['HLVDFQVTI', 'ILHCANFNV', 'MPASWVMRI', 'NLDSKVGGNY', 'TPINLVRDL']	5-6	Pt	IR-Binder
5	Pt-5-7	166547	8071	7933	active	severe	high	Yes	41	6	3	3	0	0.0	1.0	3	0.002023452839138501	3	0.002023452839138501	0	0.0	0.0	0	0.0	0.0	0.0	0.00037170115227357206	0.0	0.00037170115227357206	0.0010529338566095526	0	0.0003828850387671102	0.0006700488178424428	0.0006700488178424428	0.0003828850387671102	4	0.0005644052429644485	0	0.0	0.0	[]	['HPVGEADYFEY', 'LLWNGPMAV', 'NLDSKVGGNY', 'TPINLVRDL', 'TPQDLNTML', 'TPRVTGGGAM', 'YLQPRTFLL']	['NLDSKVGGNY', 'TPINLVRDL', 'YLQPRTFLL']	5-7	Pt	IR-Binder
5	Pt-5-8	196037	5509	5397	active	severe	high	Yes	46	7	3	2	1	0.3333333333333333	0.6666666666666666	3	0.002234272101695089	2	0.0021781602452598235	1	5.611185643526477e-05	0.02511415525114155	0	0.0	0.0	0.0	0.00036304229442730084	0.00018152114721365042	0.0005445634416409512	0.0022844775760490557	1	0.0019237705903571	0.00036070698569195625	0.000480942647589275	0.001803534928459781	4	0.0016578503037691864	0	0.0	0.0	[]	['EILDITPCSF', 'FLPRVFSAV', 'TPINLVRDL', 'TPRVTGGGAM']	['EILDITPCSF', 'FLPRVFSAV', 'TPINLVRDL']	5-8	Pt	IR-Binder
6	Pt-6-1	103662	13701	13552	active	moderate	medium	No	18	3	6	4	2	0.3333333333333333	0.6666666666666666	9	0.002459917809804943	6	0.002131928768497617	3	0.00032798904130732566	0.13333333333333333	0	0.0	0.0	0.0	0.00043792423910663463	0.00021896211955331731	0.0006568863586599519	0.0013694461351186856	0	0.0006847230675593428	0.0006847230675593428	0.0007608034083992696	0.0006086427267194157	5	0.008575948756535664	0	0.0	0.0	[]	['GLCTLVAML', 'GTSGSPIVNR', 'HTTDPSFLGRY', 'ILHCANFNV', 'LLWNGPMAV', 'LPRRSGAAGA', 'NLDSKVGGNY', 'NLVPMVATV', 'TPINLVRDL', 'VLWAHGFEL', 'YLQPRTFLL']	['HTTDPSFLGRY', 'ILHCANFNV', 'NLDSKVGGNY', 'TPINLVRDL', 'VLWAHGFEL', 'YLQPRTFLL']	6-1	Pt	IR-Binder
6	Pt-6-2	117083	12221	12085	recovered	moderate	medium	No	23	4	4	3	1	0.25	0.75	5	0.0009992911011846297	3	0.0009138816053568836	2	8.540949582774612e-05	0.08547008547008547	0	0.0	0.0	0.0	0.00024547909336388184	0.00016365272890925457	0.0004091318222731364	0.0009168958906393263	0	0.0005834792031341169	0.0003334166875052096	0.00041677085938151203	0.0005001250312578145	7	0.010009992911011848	1	4.270474791387306e-05	1.0	['DENV1', 'HIV', 'SARS-CoV-2']	['FLNGSCGSV', 'GLCTLVAML', 'GTSGSPIVNR', 'HTTDPSFLGRY', 'NLDSKVGGNY', 'NLVPMVATV', 'RLRPGGKKK', 'SFHSLHLLF', 'TPQDLNTML', 'YLQPRTFLL']	['FLNGSCGSV', 'HTTDPSFLGRY', 'NLDSKVGGNY', 'YLQPRTFLL']	6-2	Pt	IR-Binder
7	Pt-7-1	107529	11181	11037	active	moderate	medium	No	15	3	3	0	3	1.0	0.0	3	0.0002324954198402291	0	0.0	3	0.0002324954198402291	1.0	0	0.0	0.0	0.0	0.0	0.00026831231553528306	0.00026831231553528306	0.0010594240585572571	0	0.0007704902244052779	9.631127805065972e-05	0.0001926225561013195	0.0008668015024559376	5	0.0005765886412037683	0	0.0	0.0	[]	['HLVDFQVTI', 'ILHCANFNV', 'KRWIILGLNK', 'NLVPMVATV', 'VLWAHGFEL']	['HLVDFQVTI', 'ILHCANFNV', 'VLWAHGFEL']	7-1	Pt	IR-Binder
7	Pt-7-2	147800	23904	23724	active	moderate	medium	No	20	3	8	2	6	0.75	0.25	9	0.0004736129905277402	2	0.0001826792963464141	7	0.00029093369418132614	0.6142857142857143	1	6.765899864682003e-05	0.14285714285714285	1.0	8.366800535475234e-05	0.0002928380187416332	0.0003765060240963856	0.0011708459361888966	0	0.0008293492048004683	0.00024392623670602007	0.0003414967313884281	0.0008293492048004683	8	0.0006021650879566982	1	0.00010825439783491204	1.0	['DENV1', 'SARS-CoV-2']	['EILDITPCSF', 'EIYKRWII', 'FLNGSCGSV', 'GLCTLVAML', 'GTSGSPIVNR', 'HLVDFQVTI', 'ILHCANFNV', 'KTSVDCTMYI', 'MPASWVMRI', 'NLVPMVATV', 'TPINLVRDL', 'YLNTLTLAV']	['EILDITPCSF', 'FLNGSCGSV', 'HLVDFQVTI', 'ILHCANFNV', 'KTSVDCTMYI', 'MPASWVMRI', 'TPINLVRDL', 'YLNTLTLAV']	7-2	Pt	IR-Binder
7	Pt-7-3	81485	9284	9208	active	moderate	medium	No	23	4	7	0	7	1.0	0.0	8	0.0010554089709762533	0	0.0	8	0.0010554089709762533	1.0	0	0.0	0.0	0.0	0.0	0.0008616975441619991	0.0008616975441619991	0.0017331022530329284	0	0.0016175621028307336	0.0	0.0003466204506065858	0.0013864818024263432	7	0.0006013376695097257	3	0.000478615696140394	1.0	['CMV', 'DENV1', 'DENV3/4', 'SARS-CoV-2']	['FLNGSCGSV', 'GTSGSPIINR', 'GTSGSPIVNR', 'HLVDFQVTI', 'ILHCANFNV', 'KAYNVTQAF', 'MPASWVMRI', 'NLVPMVATV', 'SSNVANYQK', 'TPQDLNTML', 'YLNTLTLAV']	['FLNGSCGSV', 'HLVDFQVTI', 'ILHCANFNV', 'KAYNVTQAF', 'MPASWVMRI', 'SSNVANYQK', 'YLNTLTLAV']	7-3	Pt	IR-Binder
7	Pt-7-4	68120	9493	9432	recovered	moderate	medium	No	27	4	3	1	2	0.6666666666666666	0.3333333333333333	4	0.00032295948326482675	2	0.00011743981209630063	2	0.00020551967116852607	0.6363636363636364	0	0.0	0.0	0.0	0.00021068155482987464	0.00021068155482987464	0.00042136310965974934	0.0008218856404837384	0	0.0004696489374192791	0.0003522367030644593	0.0003522367030644593	0.0004696489374192791	2	0.0004991192014092777	0	0.0	0.0	[]	['FLNGSCGSV', 'GLCTLVAML', 'KTSVDCTMYI', 'NLDSKVGGNY', 'TPRVTGGGAM']	['FLNGSCGSV', 'KTSVDCTMYI', 'NLDSKVGGNY']	7-4	Pt	IR-Binder
8	Pt-8-1	115790	8391	8275	active	fatal	high	Yes	18	3	5	1	4	0.8	0.2	4	0.0003281803264530616	1	1.727264876068745e-05	3	0.00031090767769237414	0.9473684210526316	1	2.590897314103117e-05	0.0789473684210526	1.0	0.00011917530687641521	0.0003575259206292456	0.00047670122750566085	0.001013856032443393	0	0.0007885546919004169	0.00022530134054297621	0.0003379520108144643	0.0006759040216289286	5	0.0035236203471802397	0	0.0	0.0	[]	['FLNGSCGSV', 'FLPRVFSAV', 'FVDGVPFVV', 'GTSGSPIINR', 'ILHCANFNV', 'LLWNGPMAV', 'RAKFKQLL', 'TPINLVRDL', 'TPQDLNTML']	['FLNGSCGSV', 'FLPRVFSAV', 'FVDGVPFVV', 'ILHCANFNV', 'TPINLVRDL']	8-1	Pt	IR-Binder
8	Pt-8-2	106126	14181	14005	active	fatal	high	Yes	24	4	3	1	2	0.6666666666666666	0.3333333333333333	4	0.0002921056103122703	2	0.00022614627895143507	2	6.595933136083524e-05	0.22580645161290325	0	0.0	0.0	0.0	0.00014103377758973277	0.00014103377758973277	0.0002820675551794655	0.0009767092411720512	0	0.0005259203606311044	0.00037565740045078885	0.00037565740045078885	0.0006010518407212622	5	0.0003486421800501291	0	0.0	0.0	[]	['ATDALMTGY', 'FLNGSCGSV', 'KTSVDCTMYI', 'NLDSKVGGNY', 'NLVPMVATV', 'TPQDLNTML', 'YSEHPTFTSQY']	['FLNGSCGSV', 'KTSVDCTMYI', 'NLDSKVGGNY']	8-2	Pt	IR-Binder
9	Pt-9-1	136896	4416	4348	active	fatal	high	Yes	16	3	3	0	3	1.0	0.0	3	0.0014025245441795233	0	0.0	3	0.0014025245441795233	1.0	0	0.0	0.0	0.0	0.0	0.0006793478260869565	0.0006793478260869565	0.0006788866259334692	0	0.00033944331296673454	0.00033944331296673454	0.0001697216564833673	0.0005091649694501019	2	5.113370733987844e-05	0	0.0	0.0	[]	['EIYKRWII', 'ILHCANFNV', 'KLSYGIATV', 'KTSVDCTMYI', 'TPRVTGGGAM']	['ILHCANFNV', 'KLSYGIATV', 'KTSVDCTMYI']	9-1	Pt	IR-Binder
9	Pt-9-2	161978	5219	5136	active	fatal	high	Yes	22	4	2	0	2	1.0	0.0	2	0.0006358888244082532	0	0.0	2	0.0006358888244082532	1.0	0	0.0	0.0	0.0	0.0	0.00038321517532094267	0.00038321517532094267	0.0005587372538063977	0	0.0005587372538063977	0.0	0.0	0.0005587372538063977	3	0.0001728629813925348	0	0.0	0.0	[]	['FLNGSCGSV', 'FLPRVFSAV', 'GTSGSPIVNR', 'TPRVTGGGAM']	['FLNGSCGSV', 'FLPRVFSAV']	9-2	Pt	IR-Binder
